oevk,population_total,male,female,age_0_14,age_15_17,age_18_24,age_25_39,age_40_59,age_60_64,age_65_79,age_80plus,pop_18plus,marital_single,marital_married,marital_widowed,marital_divorced,citizen_hungarian,citizen_foreign,edu_below_primary,edu_primary_8,edu_secondary_vocational,edu_secondary_matura,edu_tertiary,employ_employed,employ_unemployed,employ_inactive,employ_dependent,digital_basic,digital_medium,digital_high,digital_none,ethnicity_bulgarian,ethnicity_roma,ethnicity_greek,ethnicity_croatian,ethnicity_polish,ethnicity_german,ethnicity_armenian,ethnicity_romanian,ethnicity_rusyn,ethnicity_serbian,ethnicity_slovak,ethnicity_slovenian,ethnicity_ukrainian,religion_catholic,religion_roman_catholic,religion_greek_catholic,religion_reformed,religion_lutheran,religion_orthodox,religion_other_christian,religion_jewish,religion_other,religion_none,religion_no_answer,disability_yes,disability_no,disability_no_answer
Magyarország összesen,9603634,4620846,4982788,1393232,291566,703667,1805868,2864605,565253,1545252,434191,7918836,2547968,3559588,802381,1008899,7720096,198740,171559,1467235,1730141,2716185,1833716,4707851,234986,2257357,718642,2112155,3536979,780693,1489009,5096,146364,5266,19426,6337,126491,3696,25323,6320,10438,26486,3491,20720,2481487,2275315,138088,799881,148965,13505,117714,6791,27212,1172298,3150983,725496,4864088,2329252
Budapest 01. OEVK,103509,49195,54314,10220,1879,10832,27243,26707,4407,15539,6682,91410,42795,31522,6786,10307,78276,13134,796,6107,5392,30394,48721,57151,2273,21042,10944,15016,46420,21686,8288,124,504,147,190,164,1626,163,371,122,278,198,42,588,23236,21968,766,6171,1633,461,1481,565,1098,15323,41442,6015,52549,32846
Budapest 02. OEVK,116284,56737,59547,10413,1965,13917,36389,30584,5284,13691,4041,103906,55318,31022,5676,11890,87778,16128,1392,12386,10007,35924,44197,68639,3178,18856,13233,21015,51693,21608,9590,146,1780,202,201,204,1383,116,564,145,338,291,55,774,22018,20435,1023,7139,1236,499,2267,284,1656,19477,49330,7027,59713,37166
Budapest 03. OEVK,107695,49306,58389,15744,3027,7299,20233,29875,4589,19097,7831,88924,29422,40615,8120,10767,84675,4249,753,5256,4396,27653,50866,54534,1831,24540,8019,14071,47179,18923,8751,123,239,144,146,160,1895,137,235,107,138,186,28,556,27968,26493,835,7328,1923,321,1223,344,569,14864,34384,6809,56025,26090
Budapest 04. OEVK,110570,51055,59515,16502,3589,7012,19363,31981,4661,19667,7795,90479,28585,43612,7621,10661,84327,6152,763,4908,4091,25451,55266,55508,1778,24381,8812,13802,49563,19121,7993,116,277,114,168,161,1993,142,207,77,227,181,30,274,27079,25706,842,6864,1953,274,1112,616,649,14777,37155,6362,55818,28299
Budapest 05. OEVK,108324,50831,57493,11350,1941,7720,31143,30981,4692,15376,5121,95033,43526,32601,6554,12352,83614,11419,981,8810,8566,31853,44823,63679,2735,20438,8181,18534,49142,18336,9021,120,779,185,167,210,1199,120,416,293,259,206,27,1585,19457,17944,943,6202,1163,492,1575,765,997,19019,45363,6566,54978,33489
Budapest 06. OEVK,107858,50163,57695,12014,2466,8696,27253,31325,4924,15353,5827,93378,40646,33471,7059,12202,85746,7632,929,9199,8551,33232,41467,60853,2556,21063,8906,17832,47878,17705,9963,118,817,183,143,169,1124,136,382,142,250,221,29,561,21971,20442,972,6837,1521,384,1649,436,875,17531,42174,7009,55069,31300
Budapest 07. OEVK,107254,49631,57623,12072,2413,7852,25855,32118,5256,16052,5636,92769,37351,34556,7876,12986,87102,5667,1154,11138,10904,35517,34056,60176,2416,22227,7950,20576,46184,14989,11020,86,726,154,147,124,813,84,364,97,123,164,25,353,22011,20268,1093,7143,1308,199,1633,158,680,18046,41591,6830,55402,30537
Budapest 08. OEVK,104431,48380,56051,12601,2753,6661,20809,32529,5229,18380,5469,89077,31869,35356,8540,13312,86349,2728,992,12287,13311,36519,25968,55440,2303,24359,6975,21865,43064,12198,11950,81,697,164,95,126,948,59,365,80,104,121,20,326,22023,20499,901,7088,1192,155,1581,122,462,16808,39646,7476,52605,28996
Budapest 09. OEVK,98766,46645,52121,11619,2629,6484,20030,31588,5242,16551,4623,84518,30927,32594,8062,12935,82466,2052,1020,12967,14312,34509,21710,53317,2395,22031,6775,20852,40070,11038,12558,122,833,67,95,93,825,39,333,81,97,111,20,435,19300,17729,1019,6661,895,176,1361,66,412,16922,38725,7312,48580,28626
Budapest 10. OEVK,103251,48652,54599,14739,2889,7593,20925,30440,4616,16613,5436,85623,29744,38078,7330,10471,83089,2534,781,7938,8776,31162,36966,54781,2002,21597,7243,16255,42755,16904,9709,89,397,132,119,104,1378,83,314,69,124,139,29,374,24443,23029,832,6869,1358,223,1455,124,501,15178,35472,6366,53207,26050
Budapest 11. OEVK,100743,46095,54648,12697,2822,6651,19639,30797,4742,17988,5407,85224,29721,34873,7884,12746,82901,2323,742,8753,9755,32606,33368,53408,2143,22833,6840,17874,43200,14333,9817,113,387,106,94,126,1144,79,285,96,122,174,26,365,22566,21126,884,6725,1277,196,1153,196,577,16371,36163,6830,52628,25766
Budapest 12. OEVK,104287,48185,56102,12925,2546,6308,24672,32591,4896,15995,4354,88816,33587,35085,7087,13057,85413,3403,920,10381,11537,33424,32554,58956,2276,20912,6672,18979,45010,14544,10283,72,760,105,102,112,808,54,300,109,134,186,34,435,21059,19424,1086,6989,1077,202,1283,154,584,17411,40057,6929,53107,28780
Budapest 13. OEVK,99303,46202,53101,12418,2759,6315,19645,31836,5637,16003,4690,84126,28746,35297,7471,12612,81972,2154,957,11058,12891,35114,24106,53984,2219,21522,6401,20278,41967,11262,10619,58,664,99,75,110,603,43,270,74,86,101,13,209,20111,18686,870,6964,1154,129,1292,113,455,16467,37441,7101,50191,26834
Budapest 14. OEVK,105827,50904,54923,14835,3250,7361,18756,33872,5302,17342,5109,87742,28746,40359,7768,10869,83440,4302,1150,10494,10906,34608,30584,53664,2072,22433,9573,19144,43924,13111,11563,75,573,87,112,134,892,81,354,112,95,182,20,211,23125,21530,975,7103,1663,154,1822,145,602,15293,37835,6710,53757,27275
Budapest 15. OEVK,100136,47567,52569,14330,3122,6454,16888,32018,5348,17244,4732,82684,24482,39907,7840,10455,80984,1700,814,10274,12405,34575,24616,51447,2096,22480,6661,19251,40793,11557,11083,63,373,76,75,117,760,52,271,65,64,142,15,134,21899,20484,886,7196,2000,136,1739,67,348,13533,35766,6971,49713,26000
Budapest 16. OEVK,107104,51494,55610,15254,3253,7112,19326,34568,5973,16955,4663,88597,28303,40585,7956,11753,86531,2066,1066,12402,14321,36199,24609,56198,2372,22477,7550,21386,43406,11740,12065,124,750,95,98,97,1473,68,387,60,50,104,17,206,21808,20163,963,7471,1004,174,1790,83,373,15402,40492,7263,52250,29084
Baranya 01. OEVK,90478,41454,49024,10189,2410,8088,17231,25435,5676,16166,5283,77879,27130,31362,7757,11630,73934,3945,884,9937,13794,29180,24084,44264,2098,23081,8436,17837,38146,9791,12105,58,698,53,1028,68,2861,34,81,36,172,49,45,60,24796,23902,265,3554,960,91,1427,45,543,12678,33785,7128,44891,25860
Baranya 02. OEVK,92242,43931,48311,12566,2820,7442,15748,27531,6054,15084,4997,76856,24305,33521,7896,11134,75450,1406,1246,12803,17651,26616,18540,44306,2225,22966,7359,19232,35509,8467,13648,41,1818,58,819,49,2899,32,72,43,97,36,26,40,23793,22859,263,3267,757,48,1460,37,300,14492,32702,8015,44642,24199
Baranya 03. OEVK,82289,39827,42462,11514,2427,5411,13738,24128,5929,14782,4360,68348,18866,32895,8293,8294,67059,1289,2139,16836,20683,19469,9221,36687,2259,23621,5781,19915,28086,3909,16438,25,2203,27,1186,42,9260,31,56,21,204,42,15,28,31334,30327,180,3617,907,69,589,10,115,6739,24968,7414,41020,19914
Baranya 04. OEVK,89013,43553,45460,13158,2842,6383,15655,25944,6412,15012,3607,73013,23086,32605,8276,9046,71529,1484,2569,20273,21664,20371,8136,39760,2907,24251,6095,22018,29649,3712,17634,42,5137,22,1798,34,1987,20,94,22,107,25,15,48,29836,28456,236,5876,276,46,709,13,148,9354,26755,8758,44388,19867
Bács-Kiskun 01. OEVK,85611,41198,44413,13178,2707,6108,16084,25468,5279,13226,3561,69726,22320,30615,6867,9924,68739,987,1705,15023,17415,22670,12913,43089,1986,18880,5771,19684,30349,5353,14340,39,899,16,49,28,499,31,223,19,90,47,10,105,22456,21233,288,8793,506,79,1095,26,179,8164,28428,5999,43182,20545
Bács-Kiskun 02. OEVK,91100,44057,47043,14280,2972,6677,16750,27373,5345,13950,3753,73848,23721,33131,6726,10270,72549,1299,1483,12656,16225,25057,18427,46176,1856,19035,6781,19429,33584,7472,13363,59,582,22,85,42,638,24,167,30,169,53,6,127,24815,23633,336,6107,709,51,981,31,194,9417,31543,6079,44996,22773
Bács-Kiskun 03. OEVK,77916,38312,39604,10828,2246,5106,13809,23113,5173,13808,3833,64842,19489,29255,7660,8438,64175,667,2018,15999,18909,19026,8890,35885,1924,20154,6879,19355,25293,3596,16598,22,1250,20,283,26,1099,20,207,25,89,766,9,50,21534,20516,208,5946,6365,34,1501,16,100,6104,23242,7124,39865,17853
Bács-Kiskun 04. OEVK,87227,42156,45071,13369,2643,6039,16008,25302,5536,14106,4224,71215,22840,31525,8064,8786,69772,1443,2309,18255,19440,21978,9233,41477,1996,21109,6633,21172,27561,3922,18560,36,923,20,27,27,587,24,281,11,94,34,9,130,31225,29944,215,3893,327,69,1048,10,123,6010,28510,7410,43902,19903
Bács-Kiskun 05. OEVK,79811,38668,41143,10969,2485,5715,13941,23416,5272,14066,3947,66357,21839,27923,7803,8792,65504,853,2854,16868,18267,19629,8739,35605,2116,21612,7024,20332,25086,3494,17445,27,1473,7,234,23,1817,19,212,16,224,34,6,58,27186,26359,179,3277,530,46,1098,26,116,7906,26172,7505,39464,19388
Bács-Kiskun 06. OEVK,73653,35319,38334,9632,2236,5034,12302,21484,5082,13907,3976,61785,17882,27574,7107,9222,60970,815,1692,13852,17349,18877,10015,33022,1964,21080,5719,18496,24651,3743,14895,29,882,15,1506,22,2682,21,86,20,334,40,10,48,27210,26413,128,2212,242,65,1361,10,104,6994,23587,6928,36457,18400
Békés 01. OEVK,78480,37002,41478,10090,2212,4925,13061,24062,5166,14689,4275,66178,19715,29296,7349,9818,65783,395,1134,10769,15281,25142,13852,38281,1816,21209,4872,18410,28701,5280,13787,23,463,25,12,43,330,22,714,26,50,1856,12,72,12022,11159,240,3925,6880,433,982,17,150,16286,25483,6877,40590,18711
Békés 02. OEVK,78897,38312,40585,10728,2430,5633,13354,22812,5287,14420,4233,65739,20748,27967,7927,9097,65417,322,1950,14908,19423,20419,9039,36682,2028,21994,5035,20952,24757,3611,16419,34,1454,17,15,17,470,17,122,21,35,1275,13,37,8293,7449,145,9267,4879,27,1110,9,108,18589,23457,7936,40298,17505
Békés 03. OEVK,77603,37721,39882,10414,2300,5421,13279,23133,5134,14023,3899,64889,19601,29088,7332,8868,64389,500,1795,15177,17193,20775,9949,35536,1957,22069,5327,20021,25618,3644,15606,28,1669,26,18,23,570,16,2284,17,47,140,11,54,6744,5940,354,12552,513,1162,1371,9,92,19738,22708,8252,39675,16962
Békés 04. OEVK,80242,38886,41356,10538,2364,5604,13285,23759,5262,15284,4146,67340,21425,27975,8350,9590,66521,819,1700,16617,19500,21027,8496,36438,2041,23255,5606,20750,25824,3181,17585,28,787,13,17,24,333,10,1199,18,246,973,8,35,15253,14341,227,3000,5047,497,799,11,101,16472,26160,7504,39836,20000
Borsod-Abaúj-Zemplén 01. OEVK,87295,41421,45874,11867,2587,5878,16277,25633,5515,15658,3880,72841,22383,32038,7755,10665,72144,697,1276,10728,13145,29016,18676,41754,2439,22072,6576,21026,32401,6784,12630,50,1455,59,17,60,308,28,82,210,17,92,14,130,23230,18985,3801,11134,555,100,1135,39,168,7575,28905,6800,43971,22070
Borsod-Abaúj-Zemplén 02. OEVK,86340,40680,45660,11465,2652,6933,15391,25818,5351,14031,4699,72223,23734,29302,7828,11359,71459,764,1235,10308,11974,29273,19433,41021,2556,21415,7231,19608,32874,7141,12600,41,1222,88,17,62,373,35,79,83,15,177,7,116,19733,16825,2517,10814,598,88,910,47,245,8518,31270,6818,42660,22745
Borsod-Abaúj-Zemplén 03. OEVK,87070,42276,44794,16406,3279,7663,16135,22465,5466,12128,3528,67385,23166,28235,8267,7717,66842,543,3577,20964,18400,18254,6190,33475,4428,22956,6526,23045,24128,2723,17489,36,5868,15,9,40,342,15,46,25,15,229,11,32,24750,22735,1378,8074,344,11,1123,11,66,8347,24659,7732,41857,17796
Borsod-Abaúj-Zemplén 04. OEVK,89864,43625,46239,15545,2965,7291,17326,24419,5913,12916,3489,71354,22914,31325,8303,8812,71017,337,3019,17649,18583,23198,8905,38568,3293,22325,7168,23170,28326,3755,16103,40,4766,21,10,219,301,13,65,402,14,149,15,39,22422,16321,5756,12633,289,25,576,12,86,7670,27641,7263,44701,19390
Borsod-Abaúj-Zemplén 05. OEVK,88639,43279,45360,15275,2970,7420,16451,24212,5700,13092,3519,70394,23468,31181,8451,7294,68953,1441,3096,19388,17953,20586,9371,37443,3694,22894,6363,22966,26622,3254,17552,27,4915,17,11,30,833,8,74,447,13,1535,30,102,27719,21238,6069,15801,212,26,767,16,44,3129,22680,7704,45085,17605
Borsod-Abaúj-Zemplén 06. OEVK,92281,44623,47658,15819,3118,7392,17348,25351,5731,13983,3539,73344,22370,33655,8422,8897,72479,865,2984,17745,17690,23963,10962,40381,3293,22884,6786,23093,29659,4308,16284,17,2870,23,20,29,366,25,102,141,17,49,16,228,25140,21495,3118,15406,185,61,649,16,80,6054,25753,7050,47131,19163
Borsod-Abaúj-Zemplén 07. OEVK,91535,44604,46931,15266,2967,6810,17168,25663,5921,14012,3728,73302,21821,34629,8520,8332,72778,524,2365,17802,19361,23269,10505,40722,2992,22860,6728,23245,28796,4192,17069,36,2269,22,8,73,316,18,86,118,18,453,10,76,26251,24035,1466,12621,138,28,793,9,81,6178,27203,7581,45724,19997
Csongrád-Csanád 01. OEVK,103344,47831,55513,12394,2760,8865,21516,29807,5549,17501,4952,88190,32160,34469,7774,13787,86237,1953,940,9618,14078,33762,29792,53347,2281,24092,8470,21065,42645,12236,12244,57,442,54,138,65,665,45,236,36,884,149,9,60,24911,23771,421,4027,993,159,1368,70,377,17331,38954,7190,53695,27305
Csongrád-Csanád 02. OEVK,100325,48902,51423,13539,2920,9859,18489,28936,5734,15919,4929,83866,28926,37200,7958,9782,80982,2884,1481,14130,17018,30655,20582,48221,2004,22986,10655,20653,37060,9338,16815,65,673,40,110,39,765,44,388,27,859,122,22,69,31085,29982,316,2851,581,229,1597,49,455,12587,34432,7858,51811,24197
Csongrád-Csanád 03. OEVK,94306,45607,48699,12887,2801,6439,15998,28074,6096,17074,4937,78618,24457,33862,9271,11028,77815,803,2089,18082,21182,25715,11550,44977,1858,24734,7049,22967,30597,4746,20308,28,851,24,22,37,329,22,213,24,93,55,10,59,26272,24977,257,4437,455,76,946,25,148,13992,32267,9165,48021,21432
Csongrád-Csanád 04. OEVK,93209,45444,47765,13469,2880,6483,16733,27358,5764,15957,4565,76860,24554,32991,8131,11184,76018,842,1702,16179,20041,26891,12047,43661,2038,23569,7592,23272,31017,5107,17464,56,872,22,31,29,311,26,652,29,210,181,8,60,17600,16346,615,7916,520,237,1225,36,183,18283,30860,8262,46200,22398
Fejér 01. OEVK,86822,42033,44789,12453,2727,5709,15371,27188,5381,14551,3442,71642,21440,34252,6485,9465,70739,903,813,10690,14376,26650,19113,45295,1568,19435,5344,17665,34333,8622,11022,28,295,33,57,58,682,27,98,24,48,52,9,102,20719,19785,270,6222,791,68,920,31,176,11961,30754,5496,44290,21856
Fejér 02. OEVK,83397,39874,43523,11928,2349,5278,15550,25497,5029,13683,4083,69120,20908,31886,7223,9103,67900,1220,975,11918,15746,25009,15472,42917,1560,19726,4917,17730,32152,7178,12060,32,360,35,43,45,1489,37,170,27,47,110,6,182,20318,19510,216,6264,1974,67,849,22,171,10699,28756,5938,41628,21554
Fejér 03. OEVK,87103,43174,43929,14087,2717,5573,16353,27049,4885,13100,3339,70299,21188,34192,6624,8295,69317,982,1429,13065,15329,23569,16907,43315,1726,18492,6766,17094,33115,7829,12261,44,525,41,48,60,1558,43,180,31,63,67,11,116,19961,18817,420,8684,1070,79,904,36,242,10611,28712,6034,43265,21000
Fejér 04. OEVK,82613,40670,41943,10813,2352,5596,15642,25362,5117,13935,3796,69448,22800,28859,6999,10790,68113,1335,1410,13568,17178,25583,11709,40572,1989,20110,6777,19018,31571,5911,12948,36,877,258,196,73,583,29,147,118,111,63,19,296,15954,14957,459,3768,640,226,890,25,236,17910,29799,6206,41445,21797
Fejér 05. OEVK,79721,39457,40264,12832,2514,5930,15511,23414,5001,11602,2917,64375,20852,29338,7047,7138,63937,438,1823,18765,19622,18067,6098,38975,1884,18156,5360,19679,26172,3480,15044,13,920,28,31,26,389,11,94,21,32,26,12,57,20966,19921,176,7753,684,29,503,14,88,10076,24262,6198,40733,17444
Győr-Moson-Sopron 01. OEVK,88712,42522,46190,11585,2545,6913,17972,26716,4650,13958,4373,74582,24592,32722,7011,10257,72166,2416,812,9397,14253,27927,22193,47152,1590,19134,6706,17932,36432,8960,11258,44,497,27,83,53,1130,23,144,42,116,130,34,312,27121,26136,332,3215,2640,71,862,41,201,8321,32110,5531,45551,23500
Győr-Moson-Sopron 02. OEVK,91848,44747,47101,14212,2984,6089,17703,28489,4921,14093,3357,74652,21361,37517,7041,8733,73427,1225,933,11679,19490,25828,16722,48535,1387,19310,5420,19218,35189,7324,12921,40,340,26,60,46,935,19,131,23,92,108,14,219,30599,29480,333,3894,3104,61,733,32,155,7197,28877,5787,47862,21003
Győr-Moson-Sopron 03. OEVK,81534,40488,41046,12153,2379,5370,15224,24366,5463,13108,3471,67002,18658,35308,7110,5926,65867,1135,1110,13355,22092,21429,9016,41225,1239,19431,5107,19781,28567,3946,14708,26,633,25,37,23,1096,16,129,13,48,54,10,83,35929,34925,177,1334,4028,32,487,7,77,3593,21515,5645,43716,17641
Győr-Moson-Sopron 04. OEVK,98323,47545,50778,14026,2997,6926,18460,30961,5461,15168,4324,81300,24521,39511,7527,9741,79202,2098,1145,11821,20102,30696,17536,50765,1444,21508,7583,21469,38950,7163,13718,43,338,50,1198,50,4183,32,168,30,72,77,34,119,35733,34663,321,2446,3381,70,804,17,199,6891,31759,6233,50055,25012
Győr-Moson-Sopron 05. OEVK,105528,51655,53873,16792,3471,7353,20855,33327,5759,14568,3403,85265,25017,43457,7343,9448,78166,7099,1019,13981,23748,30371,16146,57000,1564,20342,6359,23904,40622,6832,13907,54,396,39,583,65,2521,29,251,43,169,4081,83,444,34956,33744,366,2517,1961,99,901,28,148,9490,35165,5702,54354,25209
Hajdú-Bihar 01. OEVK,87744,41132,46612,11143,2514,10773,16951,24270,4028,13803,4262,74087,27092,30875,6250,9870,69495,4592,833,7830,9629,28505,27290,41832,2147,18953,11155,16621,37018,10203,10245,40,295,42,13,38,387,39,279,65,39,47,7,206,11196,7550,3444,17049,333,105,1556,54,951,14470,28373,6266,47472,20349
Hajdú-Bihar 02. OEVK,87178,41348,45830,11764,2526,6825,17332,25967,5614,13686,3464,72888,23048,32344,6256,11240,71513,1375,840,9795,13954,27658,20641,43478,2560,19207,7643,19452,33427,8215,11794,38,376,47,17,46,289,33,251,81,27,40,9,141,10735,6109,4384,16362,226,57,1328,59,368,14868,28885,6069,45739,21080
Hajdú-Bihar 03. OEVK,96986,47793,49193,16950,3343,9179,18492,27362,5681,12707,3272,76693,24374,36708,7225,8386,76156,537,2685,19601,18601,23550,12256,43305,3358,21033,8997,23800,30068,5492,17333,33,1983,27,21,24,257,28,277,41,21,30,12,98,14725,5794,8667,19199,136,43,1456,16,165,12985,27968,7192,50048,19453
Hajdú-Bihar 04. OEVK,80617,39704,40913,13137,2712,6349,14893,22855,5095,12322,3254,64768,20328,29887,7169,7384,64254,514,2824,18069,17447,18675,7753,35319,2753,20383,6313,20776,24297,3079,16616,27,2710,12,14,20,150,19,1248,22,25,19,9,45,5000,3340,1365,24010,92,391,982,17,72,12516,21688,7355,42232,15181
Hajdú-Bihar 05. OEVK,82600,40273,42327,12678,2582,6106,15263,23297,5442,13447,3785,67340,19567,31669,7565,8539,66999,341,2250,16523,18994,20008,9565,37434,2477,21269,6160,20667,26323,3896,16454,31,1316,21,6,29,295,12,128,25,11,20,14,113,5679,4472,874,16697,75,35,672,17,81,19531,24553,6753,43346,17241
Hajdú-Bihar 06. OEVK,84016,41078,42938,13128,2587,6825,15826,23764,5442,12565,3879,68301,20078,33094,7244,7885,67985,316,2338,16104,19266,21361,9232,39437,2273,20137,6454,21311,26114,4140,16736,26,1796,25,9,18,291,8,77,24,7,24,7,73,10748,4990,5549,13269,56,14,727,10,71,19093,24313,6551,44294,17456
Heves 01. OEVK,97708,46389,51319,13925,2990,7346,17048,29039,6058,16780,4522,80793,24212,36731,8826,11024,79847,946,1849,13822,16732,28622,19768,47028,2560,23961,7244,21837,36606,7418,14932,28,3139,28,24,62,521,16,130,52,20,82,10,217,31822,30496,526,5464,247,111,1368,17,242,10832,30690,8487,50206,22100
Heves 02. OEVK,91305,43304,48001,12672,2783,6552,15487,26237,6018,16574,4982,75850,21716,34220,9824,10090,74791,1059,2458,17208,18667,25205,12312,41671,2669,25417,6093,21761,31247,4952,17890,37,3575,28,13,30,517,20,155,61,22,260,10,232,32844,31797,338,3049,243,59,1422,21,179,8603,29430,8924,45725,21201
Heves 03. OEVK,96879,46784,50095,15231,3058,7140,17953,27845,5916,15466,4270,78590,23740,35793,9585,9472,77600,990,2191,19490,21984,24830,10095,45390,2863,23836,6501,23737,32415,4832,17606,30,2586,20,23,19,265,19,161,15,29,48,10,211,33837,32848,297,2511,318,43,1358,20,127,9814,30562,8382,47732,22476
Jász-Nagykun-Szolnok 01. OEVK,91825,43799,48026,12347,2868,6214,16033,28073,5557,16074,4659,76610,23958,32879,8032,11741,75796,814,1424,12357,15797,28725,18307,45192,2398,22639,6381,21039,35114,6470,13987,24,1039,61,34,76,351,22,131,37,44,44,16,119,18896,17939,473,4525,377,60,879,26,217,19502,32128,7626,46240,22744
Jász-Nagykun-Szolnok 02. OEVK,88049,42795,45254,13864,2778,6578,15942,25419,5301,13869,4298,71407,22403,32089,8478,8437,69633,1774,2218,17895,18922,22162,10210,41018,2221,22042,6126,22336,27852,4250,16969,28,2308,14,18,23,182,18,147,25,98,30,11,438,29879,28887,313,2763,121,138,906,15,145,7406,30034,7407,43186,20814
Jász-Nagykun-Szolnok 03. OEVK,89729,43968,45761,14289,2973,7049,16236,24624,5690,14869,3999,72467,23775,31281,8452,8959,71803,664,3257,20213,20512,20467,8018,37851,3373,24220,7023,23339,27321,3106,18701,54,3263,38,19,20,400,14,115,15,12,23,6,56,10668,9430,251,12551,82,23,744,22,81,21990,26306,8878,44896,18693
Jász-Nagykun-Szolnok 04. OEVK,86206,42099,44107,12683,2675,6113,15294,24703,5488,15012,4238,70848,22437,30245,8691,9475,70525,323,2231,17725,21217,21420,8255,39507,2355,23040,5946,21738,27335,3565,18210,26,1239,18,19,20,230,12,124,19,25,46,12,63,12910,12012,218,7890,301,28,548,11,127,20173,28860,7970,42000,20878
Komárom-Esztergom 01. OEVK,97994,46682,51312,13427,2938,7090,18972,29812,5829,15671,4255,81629,27155,34163,8002,12309,79942,1687,1383,13631,19678,29597,17340,51947,1887,21310,6485,21629,39434,7721,12845,40,836,72,44,76,1728,19,144,41,83,330,21,352,18325,17344,466,6107,749,66,929,33,222,18698,36500,7033,47698,26898
Komárom-Esztergom 02. OEVK,101014,49173,51841,15120,3157,7100,18659,30511,5994,15919,4554,82737,25869,37886,8687,10295,81306,1431,1604,15371,21848,28893,15021,50604,1988,23063,7082,22893,37618,7276,14950,42,800,39,29,71,2984,26,178,35,28,1193,11,189,28913,27755,409,5051,421,83,1042,33,287,11691,35216,7497,48848,26392
Komárom-Esztergom 03. OEVK,101623,49569,52054,15347,3038,7037,19441,30837,6413,15401,4109,83238,25559,38522,8846,10311,81274,1964,1518,16901,24768,27731,12320,52639,1872,22756,5971,23060,37941,6048,16189,29,713,22,35,48,1683,32,223,21,38,310,20,388,22533,21343,393,10734,1790,44,780,16,161,13054,34126,7118,50210,25910
Nógrád 01. OEVK,87037,41459,45578,11662,2516,6340,14627,25177,6117,16059,4539,72859,20955,32151,9384,10369,72318,541,2052,18099,17732,23947,11029,38645,3190,24810,6214,21416,30034,4363,17046,38,3329,24,23,35,289,20,82,23,14,429,13,67,28823,27981,230,1285,1359,24,1698,26,175,11182,28287,8185,44124,20550
Nógrád 02. OEVK,95422,46683,48739,14615,3045,7146,16853,27752,6313,15559,4139,77762,23148,35928,9180,9506,76910,852,2730,20343,19791,24653,10245,42513,3150,25165,6934,22430,31723,4607,19002,20,4198,24,14,33,767,20,118,32,18,1632,23,77,39420,38402,231,1925,3954,31,1343,26,150,5496,25417,9011,48438,20313
Pest 01. OEVK,99049,47923,51126,15992,3246,6668,18559,31386,5046,14657,3495,79811,23182,40202,6538,9889,78735,1076,1024,10563,14335,31043,22846,51747,1965,19212,6887,18333,39609,11542,10327,61,401,116,110,68,904,32,305,44,132,154,23,156,20586,19150,870,6720,864,170,1441,54,311,14084,35581,5955,48768,25088
Pest 02. OEVK,100844,48735,52109,18339,3993,7041,16072,32400,4750,14334,3915,78512,22392,41257,5895,8968,76424,2088,760,7902,9768,26906,33176,51453,1714,17910,7435,14908,41278,13978,8348,68,279,106,99,106,2606,72,280,56,86,266,11,203,23483,22003,916,7025,1181,155,1336,121,341,12433,32437,5138,49256,24118
Pest 03. OEVK,104017,50521,53496,18866,3992,7223,16942,33219,5071,14572,4132,81159,22785,43145,6691,8538,79912,1247,1101,9939,12485,27928,29706,52683,1915,18772,7789,16573,41141,13076,10369,69,663,59,79,132,5158,57,217,64,172,1003,16,148,27945,26528,842,7275,969,198,1270,110,370,10922,32100,5751,51308,24100
Pest 04. OEVK,96320,46986,49334,15384,3271,6498,15549,31149,5172,15366,3931,77665,23235,37718,6703,10009,76520,1145,1007,9999,13098,28125,25436,48204,1974,20165,7322,16710,38953,10677,11325,76,665,83,146,95,2143,51,219,57,233,343,18,123,27059,25645,749,7912,1039,234,1291,80,398,10276,29376,6097,49015,22553
Pest 05. OEVK,99572,48300,51272,17700,3624,6572,16964,33419,4440,13495,3358,78248,22610,40569,5937,9132,77065,1183,850,8901,11708,29987,26802,52143,1804,17673,6628,16653,40639,12021,8935,65,352,58,42,92,953,36,227,33,65,345,17,122,20548,19146,907,7164,1959,108,1254,87,268,13168,33692,5230,48900,24118
Pest 06. OEVK,99438,48097,51341,17526,3515,7514,17494,31864,4649,13483,3393,78397,22600,40392,6222,9183,76943,1454,894,9235,11957,29867,26444,50836,2066,17995,7500,17079,39843,11871,9604,50,560,48,75,87,985,39,262,57,76,362,11,182,22699,21288,838,7847,1909,109,1814,50,419,11554,31996,5672,48422,24303
Pest 07. OEVK,95023,46535,48488,15887,3001,6691,18455,29146,5130,13347,3366,76135,22539,37506,7622,8468,75538,597,1650,15181,18118,27234,13952,47593,2450,19501,6591,21101,34055,7482,13497,40,1758,36,29,38,378,28,275,33,40,235,10,102,28473,26945,582,5357,1817,58,1929,45,206,8844,29406,6790,46950,22395
Pest 08. OEVK,88700,42771,45929,15526,2872,5877,17248,28405,4114,11630,3028,70302,20894,34822,6116,8470,69508,794,1020,11790,15314,27823,14355,46408,1860,16326,5708,18688,33780,7555,10279,39,497,60,64,49,1022,30,386,41,45,306,11,153,17934,16635,803,7319,1199,102,1392,33,248,11648,30427,5416,42874,22012
Pest 09. OEVK,95013,47038,47975,15321,2928,6689,18507,29378,5005,13631,3554,76764,23579,36291,7326,9568,75734,1030,1627,15382,18629,28423,12703,47452,2188,19584,7540,21284,34135,6445,14900,71,822,28,180,54,1843,31,380,39,365,71,18,140,20971,19629,715,11234,413,266,1171,39,206,10834,31630,6755,46558,23451
Pest 10. OEVK,93980,45667,48313,16665,3293,6215,17581,31049,3984,12346,2847,74022,21486,37495,5587,9454,72929,1093,893,10381,13978,30518,18252,49522,1976,16233,6291,17970,37125,9399,9528,181,537,60,82,80,1223,27,325,54,88,76,14,138,16740,15014,1212,7450,634,131,1388,36,277,13780,33586,5241,44498,24283
Pest 11. OEVK,93213,45409,47804,14837,3189,6283,17510,29136,5024,13677,3557,75187,22215,36611,6950,9411,74363,824,1458,12304,15069,28527,17829,47060,2025,19595,6507,18790,35641,8287,12469,30,1044,87,48,56,906,32,214,56,54,699,15,157,25120,23907,564,5684,4613,79,1654,41,262,8915,28819,6575,46671,21941
Pest 12. OEVK,89584,43726,45858,14121,2817,6871,17347,26796,5184,13234,3214,72646,23315,32600,7813,8918,71815,831,1935,18037,19778,23950,8946,43892,2281,19992,6481,22089,30513,4823,15221,32,1252,20,24,26,279,18,304,14,36,75,15,66,23000,21880,426,7845,1703,53,1154,16,175,8695,30005,6902,43592,22152
Pest 13. OEVK,86146,41933,44213,14079,2607,6243,17052,26095,4873,12172,3025,69460,21069,32805,7146,8440,68657,803,1911,17092,17718,23402,9337,43763,2325,17656,5716,20543,30252,4836,13829,41,1339,25,27,40,1190,23,379,22,46,941,14,122,21708,20479,449,5712,4936,67,1157,31,167,9036,26646,6151,43378,19931
Pest 14. OEVK,92634,44559,48075,15156,3099,7189,17371,26319,5379,14240,3881,74379,24769,32186,7864,9560,73651,728,1968,17373,20372,23699,10967,43623,2250,21884,6622,23329,29566,4514,16970,33,833,26,17,42,293,15,182,19,47,31,10,105,19543,18391,276,10424,524,59,759,25,124,11330,31591,7064,45314,22001
Somogy 01. OEVK,72866,33968,38898,9560,2224,5296,11731,21992,4587,13630,3846,61082,18591,26378,6806,9307,60536,546,1073,10121,13353,21973,14562,34172,1850,19500,5560,15637,27898,5413,12134,17,1281,27,94,50,675,23,68,19,40,27,14,30,23892,23051,144,3249,831,36,813,36,167,8329,23729,6325,36979,17778
Somogy 02. OEVK,69794,33929,35865,10046,2203,5358,12106,20465,4807,11918,2891,57545,19856,23371,6963,7355,56640,905,2410,16026,17315,15579,6215,28843,2869,20156,5677,17055,22551,2435,15504,21,3963,19,909,34,1011,10,45,20,42,20,22,56,27136,26222,110,3843,911,19,435,11,49,5236,19905,6786,35256,15503
Somogy 03. OEVK,75062,36289,38773,10420,2277,5087,12466,21842,5440,13998,3532,62365,19824,27634,7367,7540,59229,3136,2256,15259,17387,18762,8701,32335,2152,22028,5850,18039,25222,3561,15543,16,2018,27,98,26,2404,13,73,27,20,40,14,67,28216,27236,175,2501,792,37,751,17,291,6098,23662,6048,37305,19012
Somogy 04. OEVK,75748,36369,39379,9769,2130,4631,12419,22764,5121,14814,4100,63849,19082,28916,7550,8301,61777,2072,1593,12383,17066,21322,11485,34433,1930,21612,5874,17088,27538,4754,14469,29,862,25,39,39,1585,23,92,27,52,48,20,169,24534,23511,274,5213,1451,38,758,49,98,6922,24786,6465,38198,19186
Szabolcs-Szatmár-Bereg 01. OEVK,90936,42271,48665,12729,2751,6539,16448,28640,5370,15032,3427,75456,21237,35907,7086,11226,74441,1015,877,9392,13157,28558,23472,45842,2278,20104,7232,20847,35726,7301,11582,44,487,44,17,66,341,26,149,119,24,87,11,573,20492,12755,7449,12730,3168,151,1183,41,166,6596,30929,6358,46773,22325
Szabolcs-Szatmár-Bereg 02. OEVK,88833,44088,44745,15117,3187,7172,16862,25217,5405,12718,3155,70529,21877,33662,7504,7486,70057,472,3084,18448,17574,20463,10960,39288,2753,20283,8205,21610,26524,4152,18243,34,3260,29,13,29,411,25,150,110,17,71,8,181,18572,12222,6077,12078,3105,70,1364,32,113,8923,26272,7013,45029,18487
Szabolcs-Szatmár-Bereg 03. OEVK,91182,44369,46813,14865,3260,7615,17695,26072,6015,12744,2916,73057,20871,37199,8180,6807,72513,544,2469,20806,16688,23487,9607,40986,3033,21519,7519,24661,27652,3435,17309,31,2540,20,9,14,196,13,72,180,12,32,21,463,21220,13758,7051,25478,259,62,986,8,49,2712,22283,7515,49114,16428
Szabolcs-Szatmár-Bereg 04. OEVK,84020,41191,42829,14319,2969,7189,15730,23162,5184,12568,2899,66732,20101,33237,7921,5473,66272,460,3335,19416,13853,22205,7923,34807,3265,21761,6899,21607,25023,2553,17549,36,4315,12,17,15,145,13,118,72,11,22,5,750,8944,4873,3805,34789,234,110,1359,3,31,2579,18683,6743,44937,15052
Szabolcs-Szatmár-Bereg 05. OEVK,87421,42470,44951,14857,3213,7313,16177,24831,5520,12696,2814,69351,21106,33849,7875,6521,68964,387,3289,21593,14873,21197,8399,37437,3029,21356,7529,23141,24950,2685,18575,32,4069,16,9,23,194,16,314,36,10,24,9,241,17393,8251,8833,28464,93,73,1490,5,35,2700,19098,7278,47374,14699
Szabolcs-Szatmár-Bereg 06. OEVK,86989,42718,44271,14850,3093,7459,17710,24333,5407,11426,2711,69046,22125,32501,7439,6981,68672,374,3339,21886,17036,19481,7304,38333,3136,19913,7664,24283,23620,2655,18488,21,3109,25,16,13,394,14,181,114,17,32,9,212,28662,12046,16399,13819,203,84,858,11,39,2719,22651,6720,45670,16656
Tolna 01. OEVK,69292,33045,36247,9506,2062,4527,11825,20406,4522,12905,3539,57724,17028,25983,6423,8290,57297,427,1380,11675,14893,18370,11406,32503,1486,19127,4608,15997,25128,4183,12416,25,1467,18,48,30,1818,19,93,18,84,24,5,34,19640,18891,126,4745,883,40,642,13,102,9421,22238,6142,35843,15739
Tolna 02. OEVK,68277,32970,35307,9268,1981,4683,11459,20060,4803,12570,3453,57028,16202,26419,7006,7401,56037,991,1559,13792,17117,17095,7465,30104,1641,20409,4874,17040,23069,3135,13784,23,1564,16,72,25,3261,26,90,13,35,26,16,64,25880,25068,107,1871,1608,23,601,8,84,6078,20875,7210,34322,15496
Tolna 03. OEVK,70362,34154,36208,10398,2018,4654,12725,20763,4770,11884,3150,57946,17308,26885,6740,7013,57095,851,1754,13350,16275,17416,9151,32476,1738,19156,4576,16630,23647,3911,13758,21,1390,19,33,36,1522,20,88,41,24,34,12,75,20271,19340,157,5537,2027,66,720,13,96,7655,21561,6308,36214,15424
Vas 01. OEVK,86915,41812,45103,11356,2459,6181,15933,27338,4871,14804,3973,73100,23544,32646,7098,9812,71424,1676,837,11211,14986,27240,18826,44769,1470,19921,6940,18636,34729,6917,12818,43,419,29,819,33,1557,20,170,36,218,45,99,196,33551,32496,185,1538,1689,180,955,35,189,6123,28840,5267,45625,22208
Vas 02. OEVK,83078,40158,42920,11261,2408,5203,14965,25794,5557,14258,3632,69409,20491,34054,7530,7334,67250,2159,879,13125,19626,24219,11560,42421,1298,20892,4798,19213,30782,4702,14712,40,487,20,818,37,1616,26,104,25,65,34,47,99,33112,32053,161,1360,6736,38,511,18,112,3449,24073,5529,43987,19893
Vas 03. OEVK,79520,39147,40373,10690,2146,5428,14357,24674,5362,13287,3576,66684,21283,31278,7602,6521,65543,1141,1213,14618,20073,21924,8856,39639,1293,20679,5073,17681,28864,4075,16064,22,593,15,600,25,1501,20,135,15,51,19,1525,76,35902,34846,142,3011,2424,61,596,16,97,3179,21398,5805,43215,17664
Veszprém 01. OEVK,87715,42244,45471,12103,2709,6225,16409,26881,5262,14151,3975,72903,23379,33165,6991,9368,71485,1418,915,10967,16902,25084,19035,45609,1582,19693,6019,18010,34614,8665,11614,38,424,24,66,77,2351,56,109,61,78,96,14,224,24323,23392,281,5953,1424,106,1010,23,306,10388,29370,5714,45251,21938
Veszprém 02. OEVK,86485,41972,44513,12263,2515,5326,14296,26523,5421,15809,4332,71707,20964,33582,7436,9725,70546,1161,1089,11311,18973,24617,15717,42700,1771,21516,5720,18420,33617,6850,12820,32,521,36,37,62,1709,33,88,27,27,74,14,148,21906,21035,288,6766,1531,90,1122,29,169,10269,29825,6073,43050,22584
Veszprém 03. OEVK,78677,38122,40555,10046,2199,4879,13383,23870,5752,14485,4063,66432,19963,30872,7528,8069,65507,925,1264,13488,20330,21032,10318,38257,1504,21476,5195,19177,28268,4378,14609,31,525,28,33,33,1280,24,115,24,30,49,13,101,29380,28593,175,2075,1356,63,674,13,133,5998,26740,6306,39838,20288
Veszprém 04. OEVK,82484,40459,42025,11889,2484,5860,14879,24395,5654,13495,3828,68111,21016,31725,7631,7739,66833,1278,1596,15751,21368,20130,9266,40370,1674,20706,5361,20549,27654,3787,16121,29,949,28,16,38,1782,19,134,34,16,38,30,240,27691,26731,161,6136,4322,40,593,21,81,4475,24752,6635,42287,19189
Zala 01. OEVK,88717,42286,46431,11184,2459,5429,14750,27786,6103,16506,4500,75074,23705,33586,8280,9503,73388,1686,1100,11696,19284,26711,16283,43957,1630,23633,5854,19831,33739,6305,15199,38,728,22,73,42,922,25,87,31,39,33,60,269,36327,35241,155,2466,733,76,939,27,123,6361,28022,6792,47307,20975
Zala 02. OEVK,88744,42837,45907,11059,2470,5640,14094,27078,6515,17205,4683,75215,22824,34885,8503,9003,71090,4125,1749,14488,21107,24091,13780,40932,1931,25734,6618,20896,32218,5070,17031,60,1042,18,88,45,2814,26,111,61,38,37,24,221,37635,36366,221,1831,919,141,991,45,158,5975,27520,7141,46886,21188
Zala 03. OEVK,83339,39851,43488,10297,2488,5014,13609,25539,6176,15976,4240,70554,21482,31596,8689,8787,69547,1007,1795,16214,18763,23101,10681,38185,2141,24506,5722,20282,29239,4573,16460,32,1670,27,2272,31,1162,16,63,19,42,24,66,50,36106,35104,97,1172,1228,23,726,19,94,4912,26274,7184,43137,20233
