oevk,dwelling_units_total,dwellings_total,dwellings_occupied,dwellings_vacant,other_occupied_units,residents_total,residents_per_100_occupied,occupied_dwellings,built_pre1946,built_1946_1960,built_1961_1980,built_1981_2000,built_2001_2010,built_2011plus,rooms_1,rooms_2,rooms_3,rooms_4plus,sqm_per_100_rooms,size_6_29sqm,size_30_49sqm,size_50_79sqm,size_80_99sqm,size_100plus_sqm,avg_size_sqm,avg_size_per_resident_sqm,utility_mains_water,utility_private_water,utility_hot_water,utility_flush_toilet,heating_district,heating_private,has_internet,has_ac,has_heat_pump,has_solar_panel,has_solar_collector,comfort_full,comfort_standard,comfort_half,comfort_none,comfort_other
Magyarország összesen,4581892,4580538,4008541,571997,1354,9433396,235,4008541,633958,466423,1451658,909978,351836,194688,326307,1244859.0,1273923.0,1163452,79,73733,535724,1489220,783655,1126209,82,35,3936221,3310,3904326,3919390,3571900,356583,2926102,1106286,67853,165280,28338,2834902,1046398,38741,75465,13035
Budapest 01. OEVK,80572,80570,56701,23869,2,99488,175,56701,37289,5215,9408,2028,1916,845,11623,21359.0,15613.0,8106,73,3107,15731,23320,7703,6840,65,37,56674,–,56598,56671,56647,27,45310,18996,1052,1075,49,42546,13607,264,67,217
Budapest 02. OEVK,86341,86339,63502,22837,2,112037,176,63502,38219,2279,5454,3272,9092,5186,18251,25295.0,14162.0,5794,82,6355,23956,23500,5432,4259,56,32,63442,–,63143,63405,63368,50,49357,20772,1855,1876,41,40674,21264,991,134,439
Budapest 03. OEVK,63153,63149,50658,12491,4,104191,206,50658,10945,2679,17666,12498,3582,3288,4680,15653.0,16647.0,13678,70,1398,9928,24164,6127,9041,76,37,50622,–,50588,50614,50337,281,42430,19573,1788,2127,641,42685,7735,115,35,88
Budapest 04. OEVK,62811,62807,51143,11664,4,108736,213,51143,15052,3151,14086,11227,4969,2658,4953,13382.0,15301.0,17507,67,1217,8260,19482,7606,14578,89,42,51106,3,51068,51100,50612,490,43221,20084,2132,1992,705,43179,7697,129,54,84
Budapest 05. OEVK,75613,75610,59815,15795,3,105940,177,59815,28009,3043,9710,6954,7490,4609,14358,23001.0,15684.0,6772,78,4767,21876,24458,5477,3237,56,32,59786,–,59669,59765,59749,30,47780,23005,1141,1151,64,44025,14891,557,72,270
Budapest 06. OEVK,69989,69985,56155,13830,4,105238,187,56155,28530,5383,8676,4416,6842,2308,13822,21143.0,13193.0,7997,80,4894,18945,21542,5428,5346,60,32,56103,–,55938,56092,56036,62,44317,19322,1004,1026,149,35484,19710,517,106,338
Budapest 07. OEVK,65983,65983,54525,11458,–,105054,193,54525,7643,6488,24374,8586,5227,2207,8759,25832.0,13737.0,6197,81,2447,22532,24283,2714,2549,56,29,54453,–,54384,54441,54421,30,43516,20200,786,2394,155,43549,10426,353,25,172
Budapest 08. OEVK,56115,56112,49193,6919,3,103698,211,49193,8962,3751,22404,10849,2191,1036,5264,18447.0,17135.0,8347,79,2325,12661,26382,3141,4684,62,29,49139,–,49084,49129,48921,214,39404,17247,492,1404,204,41942,6871,212,45,123
Budapest 09. OEVK,50538,50531,44505,6026,7,96050,216,44505,3395,4777,19582,10802,3541,2408,5972,16953.0,14047.0,7533,83,941,13101,23273,2888,4302,63,29,44419,1,44359,44404,44043,369,34676,17064,648,1303,158,34856,9259,218,55,117
Budapest 10. OEVK,52181,52176,45580,6596,5,100999,222,45580,5183,3348,20399,7824,5282,3544,3929,16253.0,13225.0,12173,75,923,12120,19199,4224,9114,73,33,45508,1,45446,45495,44799,702,38031,18763,1502,2221,542,39411,5830,167,52,120
Budapest 11. OEVK,52229,52222,47732,4490,7,99227,208,47732,2755,2015,23495,13945,3393,2129,4792,15837.0,17916.0,9187,75,1460,10735,27837,2901,4799,65,31,47703,–,47680,47695,47384,317,39393,17596,1092,2961,458,44743,2822,76,31,60
Budapest 12. OEVK,60982,60982,51759,9223,–,102961,199,51759,7689,6323,15039,10675,6461,5572,8622,20895.0,13886.0,8356,80,2758,17524,25927,2832,2718,57,28,51713,–,51622,51704,51637,69,42149,21236,719,1660,146,42886,8303,287,85,198
Budapest 13. OEVK,49121,49118,44444,4674,3,98027,221,44444,4706,2475,19902,13024,3250,1087,3757,14951.0,16357.0,9379,79,683,11937,24180,3587,4057,64,29,44392,1,44345,44384,44189,195,36702,16233,465,1728,225,40545,3652,104,51,92
Budapest 14. OEVK,47425,47425,42535,4890,–,102057,240,42535,4824,3368,17499,9210,4728,2906,3301,11939.0,12084.0,15211,75,846,7701,15531,5930,12527,86,36,42475,2,42431,42464,41996,474,35223,16461,1057,2304,567,35425,6879,90,43,98
Budapest 15. OEVK,40797,40792,39132,1660,5,99145,253,39132,4002,2786,10894,13388,5775,2287,2632,8056.0,11894.0,16550,75,917,4169,13821,7061,13164,90,35,39046,2,38984,39029,37912,1119,32724,15019,882,1934,408,35587,3301,73,76,95
Budapest 16. OEVK,47267,47260,42959,4301,7,106162,247,42959,8368,6031,10364,9976,5325,2895,4939,11385.0,11315.0,15320,79,1539,7037,14956,7376,12051,83,34,42804,2,42679,42774,41739,1049,34400,17180,912,2133,422,34176,8187,230,120,246
Baranya 01. OEVK,49489,49481,43359,6122,8,88510,204,43359,5449,2998,17289,12623,3445,1555,3193,17925.0,13406.0,8835,74,911,10051,22251,4094,6052,68,33,43251,2,43145,43231,42353,889,33476,14625,692,1799,309,37905,5063,188,93,110
Baranya 02. OEVK,44549,44481,40056,4425,68,90612,226,40056,3843,8719,14555,7565,3756,1618,3702,15130.0,10325.0,10899,78,801,7703,16981,5081,9490,77,34,39675,25,39404,39578,37365,2281,29537,11060,704,2351,411,30638,8536,346,332,204
Baranya 03. OEVK,37508,37483,33602,3881,25,80830,241,33602,10683,4871,9415,6252,1626,755,1246,6594.0,11649.0,14113,71,208,1578,9207,8332,14277,94,39,32894,44,32450,32661,23755,8981,23283,8463,555,1951,270,22752,9499,448,834,69
Baranya 04. OEVK,39597,39540,35666,3874,57,87568,246,35666,9641,5455,11095,7334,1772,369,2170,8853.0,12373.0,12270,77,488,2496,11082,8379,13221,90,37,34262,56,33421,33652,18373,15446,22855,7014,484,1328,186,22482,10684,577,1774,149
Bács-Kiskun 01. OEVK,41257,41245,36357,4888,12,84944,234,36357,3965,2881,14065,10545,3088,1813,3914,12764.0,11352.0,8327,84,644,4224,15358,7760,8371,78,33,35429,88,35105,35262,28499,6885,23969,11175,509,1622,247,24815,10038,468,865,171
Bács-Kiskun 02. OEVK,44155,44136,37649,6487,19,89408,237,37649,4167,3235,12617,9995,4451,3184,3530,11865.0,11074.0,11180,80,684,4843,14572,8191,9359,81,34,37044,61,36863,36951,32776,4245,26389,13618,783,2300,337,26811,9842,288,555,153
Bács-Kiskun 03. OEVK,38992,38984,33353,5631,8,75494,226,33353,6060,4623,13487,7266,1244,673,1586,8649.0,11988.0,11130,72,189,1555,9039,9952,12618,91,40,32696,51,32414,32564,28563,4071,21392,9365,326,1126,180,20020,12223,342,687,81
Bács-Kiskun 04. OEVK,43449,43445,36728,6717,4,85870,234,36728,7494,4855,13618,8057,1840,864,3060,12363.0,12348.0,8957,82,485,2711,13402,10546,9584,82,35,35243,195,34800,35022,25405,9802,21532,9370,361,1560,187,20697,13694,731,1450,156
Bács-Kiskun 05. OEVK,40488,40481,34615,5866,7,77764,225,34615,6785,4967,13495,7558,1298,512,1983,9648.0,12270.0,10714,74,317,1904,10396,9836,12162,88,39,33433,142,32970,33212,25123,8216,21509,7879,288,1279,183,18180,14565,550,1193,127
Bács-Kiskun 06. OEVK,37242,37241,32183,5058,1,72457,225,32183,7621,4658,10551,6960,1680,713,1560,7057.0,11530.0,12036,69,291,1757,8788,8787,12560,92,41,31726,17,31370,31570,24650,6991,21575,8852,298,1121,165,18531,12636,441,523,52
Békés 01. OEVK,41707,41703,35595,6108,4,77435,218,35595,4892,4021,14916,8809,2219,738,2269,12337.0,11710.0,9279,75,325,3428,12612,8285,10945,84,38,35104,34,34895,34998,31836,3240,25674,11540,458,2172,277,24698,10052,288,474,83
Békés 02. OEVK,40052,40044,34208,5836,8,77299,226,34208,5844,3620,14613,8421,1389,321,2267,11828.0,12322.0,7791,80,204,1514,11501,10738,10251,86,38,33032,39,32563,32758,28366,4582,22841,8595,440,1098,155,19939,12425,554,1208,82
Békés 03. OEVK,38742,38735,33400,5335,7,75860,227,33400,5235,4455,12880,8691,1567,572,2170,11777.0,11105.0,8348,79,193,2051,11133,9393,10630,86,38,32350,40,31872,32068,27521,4711,22619,8616,393,1155,198,18999,12659,548,1126,68
Békés 04. OEVK,45155,45153,36436,8717,2,79013,217,36436,10119,7160,11726,6383,774,274,2128,13849.0,13208.0,7251,78,207,1876,12517,10939,10897,85,39,35040,56,34375,34699,29029,5904,22942,7990,277,806,143,18001,16075,803,1490,67
Borsod-Abaúj-Zemplén 01. OEVK,42695,42683,37981,4702,12,85690,226,37981,2201,3628,19799,9734,1659,960,2509,14167.0,12544.0,8761,79,1045,5221,18371,4454,8890,76,34,37578,5,37432,37515,37169,397,28935,7879,378,1326,246,31247,6092,184,351,107
Borsod-Abaúj-Zemplén 02. OEVK,45861,45837,38739,7098,24,83842,216,38739,3661,6015,19990,6432,1774,867,4548,15808.0,11286.0,7097,81,1822,7784,18955,3599,6579,70,32,37952,26,37664,37838,36720,1201,27920,6584,551,995,325,27664,9810,374,711,180
Borsod-Abaúj-Zemplén 03. OEVK,38036,38028,33222,4806,8,86148,259,33222,5232,8605,13516,5159,592,118,2967,12533.0,10833.0,6889,94,377,3696,13316,6566,9267,81,31,30447,49,29678,29939,23194,7129,20035,1551,132,296,67,18835,10604,854,2810,119
Borsod-Abaúj-Zemplén 04. OEVK,38416,38388,34559,3829,28,88668,257,34559,3249,7109,15363,7369,1094,375,2294,13222.0,10748.0,8295,90,465,4034,14354,6052,9654,81,31,32929,35,32414,32577,30014,2837,24030,3646,261,696,110,23301,8943,561,1655,99
Borsod-Abaúj-Zemplén 05. OEVK,40696,40693,33680,7013,3,87225,259,33680,6878,5856,10741,8306,1568,331,1926,10196.0,12250.0,9308,87,134,1903,10002,8262,13379,92,35,31487,41,30805,31049,25783,5544,21263,4410,310,900,137,18039,12572,689,2310,70
Borsod-Abaúj-Zemplén 06. OEVK,38954,38949,35573,3376,5,91049,256,35573,3454,5112,15368,9232,1884,523,1667,10314.0,12851.0,10741,84,248,2483,11143,8028,13671,89,35,33892,32,33397,33566,30633,3183,24426,7125,316,1140,151,23286,9956,527,1715,89
Borsod-Abaúj-Zemplén 07. OEVK,40245,40234,35277,4957,11,90321,256,35277,5015,5659,12874,9451,1683,595,1617,9043.0,12590.0,12027,81,226,1585,9958,9525,13983,92,36,33425,57,32845,33059,27838,5484,23658,6260,344,1258,201,19488,13170,626,1873,120
Csongrád-Csanád 01. OEVK,58858,58854,48484,10370,4,101733,210,48484,2978,1336,21767,14903,5017,2483,3324,18491.0,15412.0,11257,74,561,11487,24527,4510,7399,70,33,48405,2,48349,48392,47778,618,39006,22835,834,2307,396,42312,5916,103,83,70
Csongrád-Csanád 02. OEVK,50142,50133,41141,8992,9,96443,234,41141,7829,4311,12612,9194,4612,2583,3086,11165.0,13481.0,13409,76,675,4677,11864,9749,14176,87,37,40196,61,39921,40058,33241,6947,28453,15365,950,2892,338,27255,12387,441,889,169
Csongrád-Csanád 03. OEVK,47443,47421,40265,7156,22,92554,230,40265,8767,5588,15847,7934,1558,571,2584,13771.0,14000.0,9910,80,302,2746,13025,11657,12535,86,37,38628,92,38127,38343,31340,7221,25508,9948,430,1864,244,23765,14090,645,1618,147
Csongrád-Csanád 04. OEVK,45872,45854,39882,5972,18,91670,230,39882,10166,4827,16372,6151,1754,612,2419,13751.0,14352.0,9360,80,232,2828,13440,11202,12180,86,37,38899,64,38408,38730,34941,3898,27205,11314,491,1554,211,22834,15319,630,1009,90
Fejér 01. OEVK,38973,38947,35279,3668,26,85346,242,35279,2516,2581,13098,10732,4035,2317,1846,11717.0,9916.0,11800,78,316,4911,14025,5687,10340,83,34,35099,10,34985,35048,34238,847,28218,10827,671,2070,329,29381,5516,137,164,81
Fejér 02. OEVK,39475,39469,35652,3817,6,82322,231,35652,3967,4624,17261,6068,2409,1323,2317,13679.0,10372.0,9284,80,378,5039,15143,6043,9049,79,34,35425,8,35286,35380,32894,2504,27060,8653,561,1661,222,27741,7417,180,207,107
Fejér 03. OEVK,35275,35259,32431,2828,16,84553,261,32431,4702,3252,9382,8380,4159,2556,1775,7054.0,10461.0,13141,78,468,2746,9234,8049,11934,92,35,32104,16,31935,32039,29390,2676,24419,9130,932,2494,390,23397,8374,214,306,140
Fejér 04. OEVK,38811,38801,36004,2797,10,79883,222,36004,2171,7506,16590,6864,2091,782,3003,16366.0,9022.0,7613,82,427,6322,17183,4852,7220,73,33,35793,10,35665,35722,33371,2389,26691,11691,452,1410,239,30470,5068,147,210,109
Fejér 05. OEVK,32744,32713,30386,2327,31,78873,260,30386,6242,6744,9119,6112,1599,570,1513,8746.0,11055.0,9072,85,187,1204,8638,9327,11030,90,35,29478,37,28939,29163,21158,8141,20547,5513,303,979,129,16863,11879,504,1059,81
Győr-Moson-Sopron 01. OEVK,45480,45476,39660,5816,4,85536,216,39660,4185,3787,13915,8958,4397,4418,4053,14034.0,12114.0,9459,77,611,8397,18192,5156,7304,73,34,39567,4,39479,39543,38312,1250,29462,12379,524,1901,263,33644,5647,164,52,153
Győr-Moson-Sopron 02. OEVK,39141,39136,36475,2661,5,90460,248,36475,2026,3085,15663,7833,4068,3800,1417,10716.0,11789.0,12553,78,235,4085,12279,7377,12499,87,35,36256,7,36098,36173,34976,1241,27565,9851,559,2221,322,31448,4573,162,232,60
Győr-Moson-Sopron 03. OEVK,35216,35211,31403,3808,5,80827,257,31403,3489,4805,12433,6621,2319,1736,998,6488.0,11377.0,12540,77,120,780,5739,8702,16062,100,39,31088,23,30931,30987,25385,5656,22768,6469,354,1562,202,24227,6604,182,340,50
Győr-Moson-Sopron 04. OEVK,44902,44899,39660,5239,3,95604,241,39660,6942,2965,12094,7856,5560,4243,2893,11350.0,12072.0,13345,77,645,5344,14109,6820,12742,86,36,39544,4,39442,39520,39076,462,31298,8395,900,1931,462,34461,4843,172,95,89
Győr-Moson-Sopron 05. OEVK,44635,44629,40770,3859,6,104796,257,40770,3735,4013,12476,8191,5715,6640,2035,8634.0,13106.0,16995,77,245,3660,10167,9423,17275,94,36,40630,7,40547,40594,39765,855,31237,10908,956,2371,280,35849,4617,113,140,51
Hajdú-Bihar 01. OEVK,46007,46006,39431,6575,1,84075,213,39431,1651,1640,19195,8626,5010,3309,2476,13827.0,12237.0,10891,72,644,7520,19577,4496,7194,73,34,39320,5,39258,39297,38669,641,31385,15912,1086,2494,350,33327,5846,87,109,62
Hajdú-Bihar 02. OEVK,43068,43047,38522,4525,21,86028,223,38522,2667,2168,11794,15273,4181,2439,4343,12755.0,12181.0,9243,80,1136,8760,18348,4476,5802,69,31,38024,61,37865,37964,33961,4046,28713,13689,576,1525,245,30913,6641,304,387,277
Hajdú-Bihar 03. OEVK,37942,37907,35393,2514,35,95402,270,35393,2361,3803,11670,11392,4407,1760,3271,10274.0,11221.0,10627,91,633,3033,11145,8985,11597,85,32,33590,172,33103,33331,28542,4965,23159,8133,500,1698,244,22033,10789,580,1699,292
Hajdú-Bihar 04. OEVK,35302,35265,31780,3485,37,78920,248,31780,4153,4849,11299,8326,2368,785,2292,10729.0,10990.0,7769,87,211,1658,10955,9570,9386,84,34,29755,73,29173,29363,21562,7999,20201,6240,309,976,145,16493,12464,564,2146,113
Hajdú-Bihar 05. OEVK,37454,37442,33111,4331,12,81566,246,33111,2784,3510,12824,10324,2729,940,2022,11283.0,11084.0,8722,84,227,2255,11840,9641,9148,84,34,32045,39,31690,31827,29960,1990,22377,8730,444,1330,186,19586,11911,403,1118,93
Hajdú-Bihar 06. OEVK,35843,35786,32568,3218,57,82592,254,32568,2178,2760,13393,10380,2861,996,2363,10537.0,11234.0,8434,88,352,2346,11395,9539,8936,83,33,31390,49,31003,31171,29972,1347,21421,7924,365,1389,221,20281,10553,441,1147,146
Heves 01. OEVK,47748,47741,41253,6488,7,95863,232,41253,4013,4424,16810,10728,3689,1589,1966,12320.0,13968.0,12999,75,369,3302,17129,8123,12330,85,37,40505,17,40147,40346,37702,2710,30931,9216,489,1388,304,26874,13132,368,809,70
Heves 02. OEVK,45891,45885,38781,7104,6,89913,232,38781,5469,7476,16130,7415,1763,528,2104,11727.0,13068.0,11882,76,231,3054,14043,8688,12765,88,38,37669,26,37263,37433,34671,2894,26820,7504,324,954,227,22310,14717,470,1178,106
Heves 03. OEVK,42810,42805,38750,4055,5,96089,248,38750,5454,8903,14930,7435,1497,531,1924,11144.0,14221.0,11461,82,170,2074,12707,11567,12232,88,35,37613,60,37091,37369,30823,6675,27127,7679,359,941,175,21035,15851,562,1223,79
Jász-Nagykun-Szolnok 01. OEVK,47757,47753,41492,6261,4,90590,218,41492,2685,4261,19553,10695,3172,1126,3310,16814.0,12522.0,8846,79,564,7202,19615,7347,6764,72,33,40966,17,40708,40864,40127,801,29814,14867,541,1715,188,26671,13878,327,510,106
Jász-Nagykun-Szolnok 02. OEVK,41246,41236,35806,5430,10,86149,241,35806,5560,5671,14722,7327,1774,752,2257,11444.0,13438.0,8667,83,276,1923,13297,11186,9124,83,35,34345,62,33881,34138,31099,3157,23966,8275,337,893,137,19467,14169,571,1464,135
Jász-Nagykun-Szolnok 03. OEVK,41138,41111,36171,4940,27,88225,244,36171,7266,5274,12398,9223,1593,417,2245,13782.0,12357.0,7787,87,210,1791,14568,11486,8116,82,34,34548,58,33864,34182,27681,6650,23172,7899,230,600,99,15174,18421,688,1796,92
Jász-Nagykun-Szolnok 04. OEVK,42526,42518,37172,5346,8,85366,230,37172,6745,5985,15340,7450,1344,308,2788,13862.0,12872.0,7650,83,289,2108,14942,11430,8403,81,35,35665,48,35057,35361,31712,3823,23523,9011,394,746,140,16206,18582,701,1568,115
Komárom-Esztergom 01. OEVK,46133,46105,42725,3380,28,96277,225,42725,2849,5345,22016,8250,2581,1684,4334,19094.0,10541.0,8756,84,728,9401,21215,4150,7231,70,31,42491,11,42319,42463,40702,1780,32158,10223,639,1350,251,38486,3618,205,169,247
Komárom-Esztergom 02. OEVK,42255,42231,39554,2677,24,98889,250,39554,6666,6467,14047,8530,2776,1068,2895,12436.0,11959.0,12264,82,429,4636,14041,7538,12910,86,34,39241,18,39044,39173,37153,2047,29866,8401,657,1515,258,30668,8202,255,277,152
Komárom-Esztergom 03. OEVK,43700,43671,40854,2817,29,100135,245,40854,4207,7739,17251,8300,2198,1159,3004,12838.0,12520.0,12492,81,545,4220,13482,8565,14042,86,35,40426,45,40169,40311,37806,2562,29582,8282,540,1369,214,31965,8075,263,420,131
Nógrád 01. OEVK,46161,46158,38177,7981,3,86161,226,38177,4687,8949,15955,7421,883,282,3210,13467.0,12624.0,8876,80,588,4709,15922,7426,9532,79,35,37036,41,36608,36842,32738,4225,25866,4067,271,685,100,21947,14465,511,1182,72
Nógrád 02. OEVK,42790,42786,37342,5444,4,93689,251,37342,6004,7604,14413,7183,1652,486,1616,9634.0,13609.0,12483,79,215,1737,11296,9508,14586,92,36,35974,74,35473,35686,31636,4220,24909,3803,326,869,167,21583,13645,578,1439,97
Pest 01. OEVK,37566,37556,36590,966,10,98340,269,36590,1442,1705,11690,11228,6385,4140,1662,8496.0,10201.0,16231,78,298,3264,12102,6949,13977,93,35,36458,3,36365,36436,35348,1098,30173,14516,1035,2655,426,32258,3989,114,100,129
Pest 02. OEVK,37972,37953,36449,1504,19,100090,275,36449,4161,1565,7907,10688,6893,5235,1964,6413.0,9340.0,18732,74,677,3348,10069,6019,16336,102,37,36163,4,36046,36115,34260,1885,29798,13536,1974,3261,883,31129,4734,140,183,263
Pest 03. OEVK,37401,37396,35832,1564,5,102781,287,35832,3797,1920,8141,10260,6946,4768,1787,5387.0,8787.0,19871,75,544,2525,7664,6751,18348,109,38,35593,4,35490,35552,33011,2564,29121,11163,1666,3272,891,30330,4992,135,190,185
Pest 04. OEVK,40056,40049,36687,3362,7,94544,258,36687,6127,2578,9870,9833,4916,3363,2090,7735.0,10579.0,16283,74,573,3634,11114,7234,14132,94,37,36358,11,36198,36271,31084,5229,28615,10234,1117,2277,606,27875,8093,222,306,191
Pest 05. OEVK,38678,38675,36443,2232,3,98863,271,36443,2968,1644,8723,8952,9276,4880,1624,7014.0,10376.0,17429,76,352,4210,11132,6879,13870,94,35,36340,7,36280,36321,34832,1496,30866,15720,1190,2817,570,32388,3795,77,95,88
Pest 06. OEVK,37999,37991,35634,2357,8,97562,274,35634,2164,1847,9453,8857,7556,5757,1674,7169.0,9553.0,17238,77,367,3174,9726,7103,15264,98,36,35496,5,35412,35464,34265,1212,29647,12610,1349,2966,591,29627,5665,112,107,123
Pest 07. OEVK,34344,34333,33197,1136,11,94446,285,33197,3688,4488,10713,7469,4418,2421,1374,6268.0,10869.0,14686,83,317,1368,7964,9086,14462,98,35,32778,21,32513,32636,30676,2035,25854,8723,621,1454,271,23243,9077,316,412,149
Pest 08. OEVK,32508,32502,31122,1380,6,88210,283,31122,2852,2620,9134,6533,5711,4272,1430,6352.0,9604.0,13736,83,252,1902,9871,8247,10850,92,32,30946,14,30838,30894,30098,828,25290,12822,713,1825,269,25656,5074,141,167,84
Pest 09. OEVK,37491,37482,35311,2171,9,92885,263,35311,3931,3870,11013,8358,4758,3381,2132,8096.0,11482.0,13601,81,487,2770,10358,9250,12446,90,34,34844,33,34614,34739,32712,2087,26014,11863,711,1723,279,25067,9339,269,443,193
Pest 10. OEVK,36782,36771,35148,1623,11,93788,267,35148,1655,2282,8475,7965,9508,5263,1941,7187.0,10492.0,15528,78,431,3771,11793,8197,10956,88,33,34965,13,34882,34937,33501,1451,28344,16273,839,2154,417,29151,5582,125,133,157
Pest 11. OEVK,37481,37476,35123,2353,5,91572,261,35123,3710,3361,12052,8538,4152,3310,2161,9281.0,10608.0,13073,80,375,3898,11565,7074,12211,89,34,34827,17,34677,34756,32801,1983,27199,9762,892,1822,355,26094,8443,186,286,114
Pest 12. OEVK,36316,36307,34320,1987,9,88788,259,34320,5200,4862,11463,8142,3186,1467,2240,9593.0,12072.0,10415,85,427,2469,11807,9348,10269,85,33,33367,88,32982,33196,29315,3999,23973,7900,382,896,173,20068,12634,518,909,191
Pest 13. OEVK,33797,33733,32340,1393,64,85459,264,32340,3598,4631,10799,7656,3599,2057,1854,7590.0,10992.0,11904,82,313,1945,8592,9233,12257,91,34,31717,89,31408,31597,28277,3398,22880,9177,542,1324,232,21388,9812,418,581,141
Pest 14. OEVK,41213,41196,37030,4166,17,91734,248,37030,6668,5095,14080,7427,2753,1007,2992,12173.0,12576.0,9289,86,423,3231,15357,9108,8911,81,33,35383,159,34913,35164,29745,5592,23975,9897,402,948,169,21281,13300,683,1516,250
Somogy 01. OEVK,36109,36061,31100,4961,48,71209,229,31100,3177,2829,13978,7736,2545,835,2144,10198.0,9693.0,9065,76,445,5536,11600,4877,8642,81,35,30769,14,30564,30652,26968,3738,21702,7063,342,1135,156,22964,7396,275,351,114
Somogy 02. OEVK,31988,31967,28004,3963,21,67984,243,28004,5258,4937,10822,5614,1166,207,1625,6929.0,10022.0,9428,77,190,1598,8782,6621,10813,90,37,26932,34,26158,26414,21129,5406,17253,3607,239,662,99,12373,13534,580,1436,81
Somogy 03. OEVK,38040,38012,30991,7021,28,74069,239,30991,4765,5090,11305,7122,1864,845,1292,7042.0,10566.0,12091,71,217,1803,9129,8112,11730,93,39,30096,24,29530,29701,23935,5855,19115,6425,432,1144,214,15739,13572,404,1176,100
Somogy 04. OEVK,42789,42774,31837,10937,15,74728,235,31837,5021,4391,10215,7785,2715,1710,1462,7738.0,10602.0,12035,71,316,2469,10554,7684,10814,91,39,31305,17,30912,31051,24391,6734,20624,8101,667,1430,308,19832,10865,358,694,88
Szabolcs-Szatmár-Bereg 01. OEVK,43134,43131,39349,3782,3,89209,227,39349,1341,1559,14848,12889,5782,2930,2411,13751.0,12591.0,10596,77,545,6565,19272,4420,8547,75,33,39203,3,39136,39176,38494,696,30459,14932,529,1769,271,34286,4766,94,140,63
Szabolcs-Szatmár-Bereg 02. OEVK,35198,35185,32547,2638,13,86263,265,32547,2986,4463,12235,9435,2458,970,2363,8632.0,11861.0,9691,88,556,1495,9439,8547,12510,89,34,30988,53,30446,30691,27274,3613,19789,7276,413,1097,152,17131,13080,603,1603,130
Szabolcs-Szatmár-Bereg 03. OEVK,35233,35226,32997,2229,7,90428,274,32997,2371,4313,12081,11074,2542,616,1590,8232.0,12578.0,10597,88,213,1121,8076,8264,15323,94,34,31611,36,31025,31253,27221,4226,21793,6738,282,880,109,18706,12135,581,1487,88
Szabolcs-Szatmár-Bereg 04. OEVK,34332,34328,30908,3420,4,83022,269,30908,1976,3788,14936,7698,2229,281,1767,9086.0,11441.0,8614,90,124,1326,8547,7165,13746,91,34,28677,44,27970,28243,19290,9195,18574,4268,188,451,83,13827,13960,677,2393,51
Szabolcs-Szatmár-Bereg 05. OEVK,34868,34852,32040,2812,16,85740,268,32040,1747,4232,14329,9358,1880,494,1958,9728.0,11493.0,8861,90,191,1451,8642,7771,13985,92,34,30016,30,29354,29591,26109,3740,19966,4941,219,626,98,15847,13292,679,2154,68
Szabolcs-Szatmár-Bereg 06. OEVK,35063,35061,32280,2781,2,85233,264,32280,2332,4796,13211,9515,1899,527,2379,10345.0,11943.0,7613,93,160,1554,9488,8811,12267,88,34,30283,62,29590,29860,24783,5314,18963,5470,251,783,102,16157,13172,735,2126,90
Tolna 01. OEVK,32840,32825,29720,3105,15,68309,230,29720,4987,3852,11878,7231,1225,547,1735,7101.0,10139.0,10745,72,535,2419,10715,6040,10011,86,37,29252,15,28995,29134,27398,1787,21021,8612,399,1181,235,19968,8863,290,478,121
Tolna 02. OEVK,32256,32252,28622,3630,4,67293,235,28622,8069,3781,9835,5477,1146,314,1205,6030.0,10367.0,11020,72,236,1392,8822,7006,11166,91,39,27986,28,27501,27664,21503,6270,19737,5836,359,1041,200,18659,8645,430,820,68
Tolna 03. OEVK,33992,33971,29644,4327,21,69483,234,29644,6729,4582,10183,6303,1136,711,1234,7367.0,11094.0,9949,74,153,1562,9590,7547,10792,90,38,28980,37,28493,28624,20682,8054,20350,7573,624,944,198,18821,9483,391,901,48
Vas 01. OEVK,39657,39655,36407,3248,2,83897,230,36407,4230,2321,15654,7283,3673,3246,3079,12914.0,10098.0,10316,78,857,5547,16705,4714,8584,78,34,36317,1,36164,36284,36129,173,28337,6565,606,1833,320,29190,6811,244,101,61
Vas 02. OEVK,37660,37651,33116,4535,9,81856,247,33116,5828,3404,12091,7386,2909,1498,1854,8883.0,11261.0,11118,78,260,2404,10224,7589,12639,92,37,32819,11,32622,32728,28926,3833,24222,5466,471,1477,295,23312,9173,224,343,64
Vas 03. OEVK,36996,36990,31462,5528,6,78072,248,31462,6466,4981,10749,6142,2130,994,1708,9037.0,10465.0,10252,80,149,1538,9252,8428,12095,93,37,30986,26,30599,30716,23703,7116,21518,3270,425,1486,240,21081,9336,363,631,51
Veszprém 01. OEVK,40154,40149,35631,4518,5,85488,240,35631,2887,3373,15057,8906,3537,1871,2789,10611.0,9839.0,12392,77,658,5237,13823,5988,9925,82,34,35469,–,35343,35427,34946,511,28043,6792,714,1932,306,29690,5482,160,223,76
Veszprém 02. OEVK,41554,41532,35352,6180,22,85534,242,35352,4015,4880,12771,8818,2820,2048,2258,9713.0,10080.0,13301,74,533,4257,12839,6506,11217,88,36,35163,14,35057,35133,33879,1267,26402,9403,1210,1901,312,28124,6763,136,168,161
Veszprém 03. OEVK,37472,37464,33139,4325,8,77225,233,33139,4590,4909,13674,7325,1823,818,2234,11557.0,9716.0,9632,78,279,3804,13563,6578,8915,82,35,32860,4,32679,32777,31170,1642,23397,6607,587,1455,299,26005,6587,195,303,49
Veszprém 04. OEVK,38039,38030,33328,4702,9,81104,243,33328,6335,5298,11773,7047,1967,908,2064,9426.0,11200.0,10638,79,256,2544,9684,8437,12407,91,37,32855,7,32467,32649,25206,7512,22029,5612,398,1086,198,20299,11987,393,573,76
Zala 01. OEVK,44184,44175,37567,6608,9,87008,232,37567,2415,4095,16531,9757,3505,1264,2523,11717.0,12357.0,10970,77,371,3943,15885,7098,10270,83,36,37259,14,37027,37120,34721,2457,27963,6872,465,1471,340,25055,11793,276,376,67
Zala 02. OEVK,47377,47357,37111,10246,20,87446,236,37111,5801,5260,11963,9159,3341,1587,1790,9111.0,12376.0,13834,71,279,2284,12075,8746,13727,94,40,36521,17,36077,36246,32518,3802,25654,7505,598,1452,325,25884,10025,347,772,83
Zala 03. OEVK,42213,42190,35213,6977,23,82188,233,35213,4498,4955,14732,8121,2249,658,2275,10725.0,11477.0,10736,77,314,3801,13525,6727,10846,85,36,34650,23,34271,34430,30464,4051,24522,5655,311,1428,249,19690,14368,408,663,84
