start_date,end_date,mid_date,pollster,method,sample_size,Fidesz,TISZA,Bal,MH,MKKP,EM,party_sum,flag_sum,age_days,w_time,w_n,w_mode,weight
2021-06-03,2021-06-08,2021-06-05 12:00:00,Medián,Telefonos,1000,50.0,,,4.0,4.0,42.0,100.0,False,1733.5,1.414785486643444e-25,31.622776601683793,1.0,4.473944538343012e-24
2021-06-07,2021-06-09,2021-06-08 00:00:00,Nézőpont,Telefonos,1000,52.0,,,3.0,2.0,43.0,100.0,False,1731.0,1.5364820829232503e-25,31.622776601683793,1.0,4.8587829660771736e-24
2021-06-08,2021-06-16,2021-06-12 00:00:00,Závecz,Személyes,1000,47.3,,,,,50.3,97.6,False,1727.0,1.7533416404072835e-25,31.622776601683793,0.95,5.267325445097786e-24
2021-06-30,2021-07-04,2021-07-02 00:00:00,IDEA,Online,2000,47.0,,,4.0,3.0,45.0,99.0,False,1707.0,3.3928275114065058e-25,44.721359549995796,0.9,1.3655867312585503e-23
2021-07-22,2021-08-01,2021-07-27 00:00:00,IDEA,Online,2000,48.0,,,3.0,4.0,44.0,99.0,False,1682.0,7.743384476245266e-25,44.721359549995796,0.9,3.1166521316641844e-23
2021-07-26,2021-07-28,2021-07-27 00:00:00,Nézőpont,Telefonos,1000,51.0,,,,,47.0,98.0,False,1682.0,7.743384476245266e-25,31.622776601683793,1.0,2.4486731743325033e-23
2021-08-06,2021-08-19,2021-08-12 12:00:00,Závecz,Személyes,1000,48.9,,,,,47.8,96.69999999999999,False,1665.5,1.3349173925978423e-24,31.622776601683793,0.95,4.010310476343259e-23
2021-08-23,2021-08-25,2021-08-24 00:00:00,Nézőpont,Telefonos,1000,52.0,,,,,46.0,98.0,False,1654.0,1.9512106198101324e-24,31.622776601683793,1.0,6.170269753308879e-23
2021-08-31,2021-09-07,2021-09-03 12:00:00,IDEA,Online,2000,49.0,,,3.0,3.0,45.0,100.0,False,1643.5,2.7594285215819023e-24,44.721359549995796,0.9,1.1106485555955982e-22
2021-09-13,2021-09-20,2021-09-16 12:00:00,Závecz,Személyes,1000,48.7,,,,,49.2,97.9,False,1630.5,4.238098546600935e-24,31.622776601683793,0.95,1.2731942137732803e-22
2021-09-20,2021-09-21,2021-09-20 12:00:00,Nézőpont,Telefonos,1000,53.0,,,,,45.0,98.0,False,1626.5,4.836265089253365e-24,31.622776601683793,1.0,1.529361305039815e-22
2021-09-27,2021-09-29,2021-09-28 00:00:00,Nézőpont,Telefonos,1000,54.0,,,,,44.0,98.0,False,1619.0,6.194707580996213e-24,31.622776601683793,1.0,1.9589385394660026e-22
2021-09-29,2021-10-04,2021-10-01 12:00:00,Medián,Telefonos,1000,44.0,,,4.0,5.0,47.0,100.0,False,1615.5,6.953324160042633e-24,31.622776601683793,1.0,2.1988341655211877e-22
2021-09-30,2021-10-09,2021-10-04 12:00:00,IDEA,Online,2000,47.0,,,3.0,3.0,47.0,100.0,False,1612.5,7.677092290277819e-24,44.721359549995796,0.9,3.089970041508135e-22
2021-10-04,2021-10-06,2021-10-05 00:00:00,Nézőpont,Telefonos,1000,54.0,,,,,43.0,97.0,False,1612.0,7.80484247924053e-24,31.622776601683793,1.0,2.4681079013235516e-22
2021-10-11,2021-10-13,2021-10-12 00:00:00,Nézőpont,Telefonos,1000,56.0,,,,,42.0,98.0,False,1605.0,9.833485330708802e-24,31.622776601683793,1.0,3.109621098289391e-22
2021-10-11,2021-10-19,2021-10-15 00:00:00,Závecz,Személyes,1000,47.5,,,,,49.6,97.1,False,1602.0,1.0857048036500818e-23,31.622776601683793,0.95,3.261635043814143e-22
2021-10-18,2021-10-20,2021-10-19 00:00:00,Nézőpont,Telefonos,1000,56.0,,,,,43.0,99.0,False,1598.0,1.2389415161992426e-23,31.622776601683793,1.0,3.9178770789320053e-22
2021-10-25,2021-10-27,2021-10-26 00:00:00,Nézőpont,Telefonos,1000,56.0,,,,,42.0,98.0,False,1591.0,1.560968495848106e-23,31.622776601683793,1.0,4.936215802647103e-22
2021-10-26,2021-11-05,2021-10-31 00:00:00,IDEA,Online,2000,48.0,,,3.0,3.0,45.0,99.0,False,1586.0,1.8410600176467623e-23,44.721359549995796,0.9,7.410123630207221e-22
2021-11-02,2021-11-03,2021-11-02 12:00:00,Nézőpont,Telefonos,1000,56.0,,,,,42.0,98.0,False,1583.5,1.999423769473202e-23,31.622776601683793,1.0,6.322733119414758e-22
2021-11-08,2021-11-10,2021-11-09 00:00:00,Nézőpont,Telefonos,1000,56.0,,,,,42.0,98.0,False,1577.0,2.4778830323984852e-23,31.622776601683793,1.0,7.8357541578640105e-22
2021-11-15,2021-11-24,2021-11-19 12:00:00,Závecz,Személyes,1000,48.0,,,,,49.3,97.3,False,1566.5,3.5042557903921094e-23,31.622776601683793,0.95,1.0527358311399021e-21
2021-12-04,2021-12-07,2021-12-05 12:00:00,Medián,Telefonos,1000,44.0,,,5.0,6.0,45.0,100.0,False,1550.5,5.942264606003688e-23,31.622776601683793,1.0,1.8791090614374718e-21
2021-11-29,2021-12-13,2021-12-06 00:00:00,IDEA,Online,2000,47.0,,,4.0,3.0,46.0,100.0,False,1550.0,6.041146500030713e-23,44.721359549995796,0.9,2.43151456249865e-21
2021-12-04,2021-12-13,2021-12-08 12:00:00,Závecz,Személyes,1000,48.0,,,,,49.0,97.0,False,1547.5,6.560792038963702e-23,31.622776601683793,0.95,1.9709693792934194e-21
2021-12-13,2021-12-15,2021-12-14 00:00:00,Nézőpont,Telefonos,1000,55.0,,,,,43.0,98.0,False,1542.0,7.866788264567042e-23,31.622776601683793,1.0,2.487696878631513e-21
2022-01-03,2022-01-05,2022-01-04 00:00:00,Nézőpont,Telefonos,1000,50.0,,,3.0,3.0,43.0,99.0,False,1521.0,1.5733576529134083e-22,31.622776601683793,1.0,4.975393757263026e-21
2022-01-04,2022-01-14,2022-01-09 00:00:00,IDEA,Online,2000,48.0,,,4.0,4.0,44.0,100.0,False,1516.0,1.8556722162823798e-22,44.721359549995796,0.9,7.468936595217168e-21
2022-01-31,2022-02-09,2022-02-04 12:00:00,IDEA,Online,2000,49.0,,,4.0,3.0,44.0,100.0,False,1489.5,4.450127462427285e-22,44.721359549995796,0.9,1.7911417526146894e-20
2022-02-02,2022-02-10,2022-02-06 00:00:00,Závecz,Személyes,1000,49.0,,,3.0,2.0,46.0,100.0,False,1488.0,4.676000973998468e-22,31.622776601683793,0.95,1.404747274805089e-20
2022-02-07,2022-02-09,2022-02-08 00:00:00,Nézőpont,Telefonos,1000,52.0,,,,,41.0,93.0,True,1486.0,4.995099186713939e-22,31.622776601683793,1.0,1.579589056847073e-20
2022-02-14,2022-02-16,2022-02-15 00:00:00,Nézőpont,Telefonos,1000,50.0,,,3.0,3.0,43.0,99.0,False,1479.0,6.293430611653633e-22,31.622776601683793,1.0,1.9901575029052103e-20
2022-02-22,2022-02-26,2022-02-24 00:00:00,Medián,Telefonos,1100,49.0,,,4.0,3.0,43.0,99.0,False,1470.0,8.470329472543003e-22,33.166247903554,1.0,2.8092904711114106e-20
2022-03-02,2022-03-11,2022-03-06 12:00:00,IDEA,Online,2000,50.0,,,4.0,3.0,43.0,100.0,False,1459.5,1.197885481783886e-21,44.721359549995796,0.9,4.82139605975194e-20
2022-03-16,2022-03-21,2022-03-18 12:00:00,Nézőpont,Telefonos,1000,49.0,,,2.0,3.0,41.0,95.0,False,1447.5,1.780050984970914e-21,31.622776601683793,1.0,5.62901546373424e-20
2022-03-21,2022-03-25,2022-03-23 00:00:00,Publicus,Telefonos,1000,41.0,,,2.0,2.0,39.0,84.0,True,1443.0,2.0650894565281113e-21,31.622776601683793,1.0,6.530386254628106e-20
2022-03-21,2022-03-26,2022-03-23 12:00:00,Závecz,Személyes,1000,50.0,,,3.0,1.0,46.0,100.0,False,1442.5,2.0994534524683846e-21,31.622776601683793,0.95,6.307102013738942e-20
2022-03-23,2022-03-25,2022-03-24 00:00:00,Nézőpont,Telefonos,1000,49.0,,,3.0,3.0,44.0,99.0,False,1442.0,2.1343892804003665e-21,31.622776601683793,1.0,6.749531539512942e-20
2022-03-22,2022-03-28,2022-03-25 00:00:00,IDEA,Online,1800,50.0,,,3.0,2.0,45.0,100.0,False,1441.0,2.2060146527245735e-21,42.42640687119285,0.9,8.423394769827537e-20
2022-03-29,2022-03-31,2022-03-30 00:00:00,Publicus,Telefonos,1025,47.0,,,3.0,2.0,47.0,99.0,False,1436.0,2.601849676195723e-21,32.01562118716424,1.0,8.329983361902821e-20
2022-04-19,2022-04-21,2022-04-20 00:00:00,Nézőpont,Telefonos,1000,56.0,,,5.0,3.0,34.0,98.0,False,1415.0,5.203699352391446e-21,31.622776601683793,1.0,1.6455542212300132e-19
2022-04-26,2022-04-30,2022-04-28 00:00:00,Medián,Telefonos,1000,60.0,,10.0,7.0,6.0,17.0,100.0,False,1407.0,6.776263578034403e-21,31.622776601683793,1.0,2.142842693223084e-19
2022-04-25,2022-05-04,2022-04-29 12:00:00,Závecz,Személyes,1000,60.0,,17.0,8.0,1.0,14.0,100.0,False,1405.5,7.120203939883656e-21,31.622776601683793,0.95,2.1390258762190112e-19
2022-04-29,2022-05-09,2022-05-04 00:00:00,IDEA,Online,1800,57.0,,16.0,8.0,4.0,15.0,100.0,False,1401.0,8.260357826112445e-21,42.42640687119285,0.9,3.1541157182905983e-19
2022-06-20,2022-06-22,2022-06-21 00:00:00,Nézőpont,Telefonos,1000,55.0,,8.0,6.0,5.0,26.0,100.0,False,1353.0,4.0277955914583253e-20,31.622776601683793,1.0,1.2737008018593346e-18
2022-07-11,2022-07-13,2022-07-12 00:00:00,Nézőpont,Telefonos,1000,54.0,,7.0,5.0,5.0,29.0,100.0,False,1332.0,8.055591182916651e-20,31.622776601683793,1.0,2.5474016037186692e-18
2022-07-09,2022-07-20,2022-07-14 12:00:00,IDEA,Online,1800,54.0,,18.0,9.0,6.0,13.0,100.0,False,1329.5,8.748514624129219e-20,42.42640687119285,0.9,3.3405123686569836e-18
2022-07-20,2022-07-22,2022-07-21 00:00:00,Publicus,Telefonos,1004,44.0,,17.0,6.0,5.0,28.0,100.0,False,1323.0,1.0842021724855044e-19,31.68595903550972,1.0,3.4353985623586335e-18
2022-07-27,2022-08-07,2022-08-01 12:00:00,IDEA,Online,1800,51.0,,21.0,9.0,5.0,14.0,100.0,False,1311.5,1.5847473444465426e-19,42.42640687119285,0.9,6.051162206117828e-18
2022-08-25,2022-08-30,2022-08-27 12:00:00,Publicus,Telefonos,1000,48.0,,18.0,5.0,4.0,25.0,100.0,False,1285.5,3.738211221677728e-19,31.622776601683793,1.0,1.1821261835302225e-17
2022-08-29,2022-08-31,2022-08-30 00:00:00,Nézőpont,Telefonos,1000,47.0,,7.0,6.0,4.0,36.0,100.0,False,1283.0,4.0597635602816984e-19,31.622776601683793,1.0,1.2838099612244458e-17
2022-08-31,2022-09-09,2022-09-04 12:00:00,IDEA,Online,1800,50.0,,22.0,9.0,5.0,14.0,100.0,False,1277.5,4.867903165238198e-19,42.42640687119285,0.9,1.85874876268167e-17
2022-09-14,2022-09-22,2022-09-18 00:00:00,Závecz,Személyes,1000,52.0,,22.0,8.0,2.0,16.0,100.0,False,1264.0,7.600833397892628e-19,31.622776601683793,0.95,2.283414837017669e-17
2022-09-29,2022-10-09,2022-10-04 00:00:00,IDEA,Online,1800,51.0,,24.0,9.0,3.0,13.0,100.0,False,1248.0,1.2888945892666641e-18,42.42640687119285,0.9,4.921484963247584e-17
2022-10-15,2022-10-21,2022-10-18 00:00:00,Medián,Telefonos,1000,54.0,,15.0,8.0,8.0,15.0,100.0,False,1234.0,2.0459926268780294e-18,31.622776601683793,1.0,6.469996776845611e-17
2022-10-17,2022-10-19,2022-10-18 00:00:00,Nézőpont,Telefonos,1000,52.0,,11.0,4.0,3.0,30.0,100.0,False,1234.0,2.0459926268780294e-18,31.622776601683793,1.0,6.469996776845611e-17
2022-10-19,2022-10-24,2022-10-21 12:00:00,Republikon,Telefonos,1000,51.0,,24.0,9.0,1.0,15.0,100.0,False,1230.5,2.296549074791384e-18,31.622776601683793,1.0,7.262325834693153e-17
2022-10-28,2022-11-08,2022-11-02 12:00:00,IDEA,Online,1800,52.0,,24.0,8.0,4.0,12.0,100.0,False,1218.5,3.4126588098627345e-18,42.42640687119285,0.9,1.3030816606181745e-16
2022-11-14,2022-11-22,2022-11-18 00:00:00,Závecz,Személyes,1000,50.0,,23.0,8.0,3.0,16.0,100.0,False,1203.0,5.692220000960969e-18,31.622776601683793,0.95,1.7100361138512375e-16
2022-11-29,2022-12-12,2022-12-05 12:00:00,IDEA,Online,1800,47.0,,25.0,10.0,4.0,14.0,100.0,False,1185.5,1.0142383004457873e-17,42.42640687119285,0.9,3.87274381191541e-16
2022-12-09,2022-12-15,2022-12-12 00:00:00,Medián,Telefonos,1000,50.0,,15.0,8.0,7.0,20.0,100.0,False,1179.0,1.2569440825170651e-17,31.622776601683793,1.0,3.974806192224555e-16
2022-12-12,2022-12-16,2022-12-14 00:00:00,Publicus,Telefonos,1002,48.0,,20.0,4.0,4.0,24.0,100.0,False,1177.0,1.342720071967187e-17,31.654383582688826,1.0,4.250297620222488e-16
2023-01-02,2023-01-04,2023-01-03 00:00:00,Nézőpont,Telefonos,1000,56.0,,17.0,6.0,4.0,17.0,100.0,False,1157.0,2.598248678580287e-17,31.622776601683793,1.0,8.216383751836453e-16
2022-12-31,2023-01-11,2023-01-05 12:00:00,IDEA,Online,1800,48.0,,25.0,9.0,5.0,13.0,100.0,False,1154.5,2.8217440589449106e-17,42.42640687119285,0.9,1.0774481537805117e-15
2023-01-30,2023-02-15,2023-02-07 00:00:00,IDEA,Online,1800,48.0,,25.0,9.0,5.0,13.0,100.0,False,1122.0,8.24892537130665e-17,42.42640687119285,0.9,3.149750376478454e-15
2023-02-20,2023-02-22,2023-02-21 00:00:00,Nézőpont,Telefonos,1000,52.0,,15.0,9.0,9.0,15.0,100.0,False,1108.0,1.3094352812019388e-16,31.622776601683793,1.0,4.140797937181191e-15
2023-02-21,2023-02-27,2023-02-24 00:00:00,Medián,Telefonos,1000,51.0,,17.0,6.0,6.0,20.0,100.0,False,1105.0,1.4457337628095765e-16,31.622776601683793,1.0,4.5718115806838944e-15
2023-02-28,2023-03-08,2023-03-04 00:00:00,Závecz,Személyes,1000,48.9,,23.7,9.0,3.1,15.300000000000011,100.0,False,1097.0,1.8826362510660687e-16,31.622776601683793,0.95,5.655747631020908e-15
2023-02-25,2023-03-16,2023-03-06 12:00:00,IDEA,Online,1800,48.0,,23.0,9.0,6.0,14.0,100.0,False,1094.5,2.0445762949459904e-16,42.42640687119285,0.9,7.806962319171713e-15
2023-03-25,2023-04-13,2023-04-03 12:00:00,IDEA,Online,1800,49.0,,23.0,9.0,5.0,14.0,100.0,False,1066.5,5.152009424237052e-16,42.42640687119285,0.9,1.967231232332111e-14
2023-04-28,2023-05-05,2023-05-01 12:00:00,Závecz,Személyes,1000,50.0,,25.0,7.0,3.0,15.0,100.0,False,1038.5,1.2982250245706077e-15,31.622776601683793,0.95,3.900080593417619e-14
2023-04-27,2023-05-19,2023-05-08 00:00:00,IDEA,Online,1800,48.0,,23.0,9.0,6.0,14.0,100.0,False,1032.0,1.6088884256218434e-15,42.42640687119285,0.9,6.14334194602067e-14
2023-05-15,2023-05-17,2023-05-16 00:00:00,Nézőpont,Telefonos,1000,51.0,,19.0,6.0,3.0,21.0,100.0,False,1024.0,2.095096449923102e-15,31.622776601683793,1.0,6.625276699489906e-14
2023-05-26,2023-05-31,2023-05-28 12:00:00,Medián,Telefonos,1000,49.0,,16.0,7.0,9.0,19.0,100.0,False,1011.5,3.1651080623630204e-15,31.622776601683793,1.0,1.0008950517629405e-13
2023-05-25,2023-06-10,2023-06-02 00:00:00,IDEA,Online,1800,48.0,,23.0,8.0,6.0,15.0,100.0,False,1007.0,3.671934873519796e-15,42.42640687119285,0.9,1.4020830265362567e-13
2023-01-30,2023-11-30,2023-07-01 00:00:00,21 Kutató,Online,1200,46.0,,22.0,8.0,4.0,20.0,100.0,False,978.0,9.563196049330414e-15,34.64101615137755,0.9,2.981509459232804e-13
2023-06-28,2023-07-19,2023-07-08 12:00:00,IDEA,Online,1800,48.0,,23.0,8.0,6.0,15.0,100.0,False,970.5,1.224937053119358e-14,42.42640687119285,0.9,4.677271002651767e-13
2023-07-28,2023-08-09,2023-08-03 00:00:00,IDEA,Online,1800,46.0,,23.0,9.0,6.0,16.0,100.0,False,945.0,2.842170943040401e-14,42.42640687119285,0.9,1.0852479074422254e-12
2023-08-24,2023-08-29,2023-08-26 12:00:00,21 Kutató,Online,1500,42.0,,20.0,8.0,5.0,25.0,100.0,False,921.5,6.173295912085104e-14,38.72983346207417,0.9,2.151816503284434e-12
2023-08-28,2023-09-08,2023-09-02 12:00:00,IDEA,Online,1800,45.0,,22.0,10.0,6.0,17.0,100.0,False,914.5,7.777865466865967e-14,42.42640687119285,0.9,2.969881963979903e-12
2023-08-30,2023-09-07,2023-09-03 00:00:00,Publicus,Telefonos,1000,47.0,,23.0,6.0,5.0,19.0,100.0,False,914.0,7.907292565765988e-14,31.622776601683793,1.0,2.500505463313729e-12
2023-09-04,2023-09-06,2023-09-05 00:00:00,Nézőpont,Telefonos,1000,51.0,,12.0,9.0,8.0,20.0,100.0,False,912.0,8.44689958021801e-14,31.622776601683793,1.0,2.6711441840209073e-12
2023-09-08,2023-09-18,2023-09-13 00:00:00,Závecz,Személyes,1000,46.0,,25.0,10.0,5.0,14.0,100.0,False,904.0,1.0999562829555195e-13,31.622776601683793,0.95,3.3044488217144837e-12
2023-09-22,2023-09-27,2023-09-24 12:00:00,Medián,Telefonos,1000,46.0,,15.0,10.0,7.0,22.0,100.0,False,892.5,1.6077746776921858e-13,31.622776601683793,1.0,5.084229945850415e-12
2023-09-28,2023-10-13,2023-10-05 12:00:00,IDEA,Online,1500,45.0,,23.0,9.0,5.0,18.0,100.0,False,881.5,2.311572733087671e-13,38.72983346207417,0.9,8.05741442891614e-12
2023-10-29,2023-11-08,2023-11-03 00:00:00,Závecz,Személyes,1000,48.0,,25.0,8.0,3.0,16.0,100.0,False,853.0,5.921725492468025e-13,31.622776601683793,0.95,1.7789833222757168e-11
2023-10-31,2023-11-16,2023-11-08 00:00:00,IDEA,Online,1500,45.0,,24.0,8.0,6.0,17.0,100.0,False,848.0,6.984287042730512e-13,38.72983346207417,0.9,2.434502466146477e-11
2023-11-30,2023-12-13,2023-12-06 12:00:00,IDEA,Online,1500,43.0,,24.0,9.0,7.0,17.0,100.0,False,819.5,1.7892160621053133e-12,38.72983346207417,0.9,6.236643610170625e-11
2023-12-12,2023-12-15,2023-12-13 12:00:00,Publicus,Telefonos,1003,46.0,,25.0,4.0,4.0,21.0,100.0,False,812.5,2.2542709794565006e-12,31.670175244226233,1.0,7.139315696736089e-11
2023-12-27,2024-01-08,2024-01-02 00:00:00,IDEA,Online,1500,46.0,,24.0,9.0,5.0,16.0,100.0,False,793.0,4.290757529442513e-12,38.72983346207417,0.9,1.4956229208730442e-10
2024-01-02,2024-01-05,2024-01-03 12:00:00,Nézőpont,Telefonos,1000,50.0,,17.0,7.0,8.0,18.0,100.0,False,791.5,4.508541958913001e-12,31.622776601683793,1.0,1.4257261516602368e-10
2024-01-09,2024-01-11,2024-01-10 00:00:00,Medián,Telefonos,1000,53.0,,14.0,8.0,6.0,19.0,100.0,False,785.0,5.58742963418441e-12,31.622776601683793,1.0,1.766900390994414e-10
2024-01-31,2024-02-09,2024-02-04 12:00:00,IDEA,Online,1500,44.0,,24.0,9.0,6.0,17.0,100.0,False,759.5,1.2964282623438932e-11,38.72983346207417,0.9,4.5189405626494667e-10
2024-02-22,2024-02-26,2024-02-24 00:00:00,21 Kutató,Online,1200,44.0,,21.0,7.0,8.0,20.0,100.0,False,740.0,2.4676089869973176e-11,34.64101615137755,0.9,7.693243449647263e-10
2024-02-26,2024-02-28,2024-02-27 00:00:00,Nézőpont,Telefonos,1000,47.0,,18.0,8.0,8.0,19.0,100.0,False,737.0,2.724461206391003e-11,31.622776601683793,1.0,8.615502808965661e-10
2024-02-29,2024-03-09,2024-03-04 12:00:00,Závecz,Személyes,1000,45.0,,25.0,10.0,4.0,16.0,100.0,False,730.5,3.3764208962679945e-11,31.622776601683793,0.95,1.0143321353014276e-09
2024-02-29,2024-03-12,2024-03-06 00:00:00,IDEA,Online,1500,42.0,,23.0,7.0,7.0,21.0,100.0,False,729.0,3.547796671641043e-11,38.72983346207417,0.9,1.2366501682496277e-09
2024-03-06,2024-03-09,2024-03-07 12:00:00,Medián,Telefonos,1000,46.0,,14.0,8.0,11.0,21.0,100.0,False,727.5,3.727870905318617e-11,31.622776601683793,1.0,1.1788562883880736e-09
2024-04-02,2024-04-04,2024-04-03 00:00:00,Nézőpont,Telefonos,1000,47.0,13.0,13.0,6.0,11.0,10.0,100.0,False,701.0,8.939887414695055e-11,31.622776601683793,1.0,2.8270406255910623e-09
2024-03-31,2024-04-08,2024-04-04 00:00:00,IDEA,Online,1500,38.0,,20.0,6.0,6.0,30.0,100.0,False,700.0,9.239890216664626e-11,38.72983346207417,0.9,3.2207346836934244e-09
2024-04-04,2024-04-11,2024-04-07 12:00:00,Závecz,Telefonos,1000,33.0,14.0,26.0,8.0,5.0,14.0,100.0,False,696.5,1.0371426098751145e-10,31.622776601683793,1.0,3.2797329056168036e-09
2024-04-22,2024-04-26,2024-04-24 00:00:00,Republikon,Telefonos,1000,37.0,17.0,24.0,5.0,5.0,12.0,100.0,False,680.0,1.787977482939011e-10,31.622776601683793,1.0,5.654081251182125e-09
2024-04-26,2024-04-29,2024-04-27 12:00:00,Medián,Telefonos,1000,45.0,25.0,9.0,4.0,6.0,11.0,100.0,False,676.5,2.006936867830756e-10,31.622776601683793,1.0,6.346491622509499e-09
2024-04-26,2024-04-30,2024-04-28 00:00:00,Publicus,Telefonos,1000,42.0,23.0,24.0,4.0,2.0,5.0,100.0,False,676.0,2.040333179143337e-10,31.622776601683793,1.0,6.452100031705302e-09
2024-04-25,2024-05-04,2024-04-29 12:00:00,IDEA,Online,1500,40.0,21.0,17.0,4.0,5.0,13.0,100.0,False,674.5,2.1438936330492868e-10,38.72983346207417,0.9,7.472937903156002e-09
2024-04-29,2024-05-02,2024-04-30 12:00:00,Nézőpont,Telefonos,1000,48.0,20.0,11.0,5.0,7.0,9.0,100.0,False,673.5,2.215837950377308e-10,31.622776601683793,1.0,7.007094849031451e-09
2024-05-02,2024-05-10,2024-05-06 00:00:00,Závecz,Személyes,1000,39.0,26.0,17.0,6.0,3.0,9.0,100.0,False,668.0,2.656924328752822e-10,31.622776601683793,0.95,7.98183582709427e-09
2024-05-20,2024-05-22,2024-05-21 00:00:00,Nézőpont,Telefonos,1000,47.0,24.0,9.0,7.0,7.0,6.0,100.0,False,653.0,4.359137930225605e-10,31.622776601683793,1.0,1.3784804494345057e-08
2024-05-20,2024-05-29,2024-05-24 12:00:00,IDEA,Online,1500,44.0,26.0,12.0,5.0,4.0,9.0,100.0,False,649.5,4.892966890024117e-10,38.72983346207417,0.9,1.7055341350746932e-08
2024-05-27,2024-05-29,2024-05-28 00:00:00,Medián,Telefonos,1000,48.0,29.0,7.0,6.0,2.0,8.0,100.0,False,646.0,5.492169637686403e-10,31.622776601683793,1.0,1.7367765351110775e-08
2024-05-24,2024-06-02,2024-05-28 12:00:00,Závecz,Személyes,1000,45.0,27.0,11.0,5.0,3.0,9.0,100.0,False,645.5,5.583561753672559e-10,31.622776601683793,0.95,1.6773933967918846e-08
2024-05-31,2024-06-05,2024-06-02 12:00:00,Medián,Telefonos,1000,50.0,27.0,9.0,5.0,4.0,5.0,100.0,False,640.5,6.585445079827193e-10,31.622776601683793,1.0,2.08250058582033e-08
2024-06-03,2024-06-05,2024-06-04 00:00:00,Publicus,Telefonos,1001,43.0,25.0,15.0,5.0,4.0,8.0,100.0,False,639.0,6.91970013611461e-10,31.63858403911275,1.0,2.1892951428192202e-08
2024-06-06,2024-06-08,2024-06-07 00:00:00,21 Kutató,Hibrid,1200,44.0,32.0,8.0,7.0,4.0,5.0,100.0,False,636.0,7.639968358051391e-10,34.64101615137755,0.95,2.5142345392290804e-08
2024-06-19,2024-06-27,2024-06-23 00:00:00,IDEA,Online,1500,41.0,32.0,9.0,6.0,3.0,9.0,100.0,False,620.0,1.2955308139750994e-09,38.72983346207417,0.9,4.5158123403216895e-08
2024-07-04,2024-07-10,2024-07-07 00:00:00,Medián,Telefonos,1000,43.0,31.0,9.0,7.0,5.0,5.0,100.0,False,606.0,2.0565269769612924e-09,31.622776601683793,1.0,6.503309316778306e-08
2024-07-15,2024-07-17,2024-07-16 00:00:00,Nézőpont,Telefonos,1000,47.0,29.0,8.0,9.0,5.0,2.0,100.0,False,597.0,2.767880054445844e-09,31.622776601683793,1.0,8.75280526219973e-08
2024-07-24,2024-07-31,2024-07-27 12:00:00,IDEA,Online,1500,41.0,34.0,10.0,6.0,3.0,6.0,100.0,False,585.5,4.045731208944094e-09,38.72983346207417,0.9,1.4102144635924868e-07
2024-08-21,2024-08-31,2024-08-26 00:00:00,Závecz,Személyes,1000,42.0,33.0,10.0,7.0,2.0,6.0,100.0,False,556.0,1.0712047647275176e-08,31.622776601683793,0.95,3.2180745521155656e-07
2024-08-28,2024-09-06,2024-09-01 12:00:00,IDEA,Online,1500,39.0,34.0,10.0,7.0,3.0,7.0,100.0,False,549.5,1.3275425406401435e-08,38.72983346207417,0.9,4.627395136153042e-07
2024-09-03,2024-09-10,2024-09-06 12:00:00,Medián,Telefonos,1000,43.0,39.0,3.0,4.0,3.0,8.0,100.0,False,544.5,1.5657494048077174e-08,31.622776601683793,1.0,4.951334364245381e-07
2024-09-16,2024-09-18,2024-09-17 00:00:00,Nézőpont,Telefonos,1000,47.0,33.0,8.0,6.0,2.0,4.0,100.0,False,534.0,2.2143040435566753e-08,31.622776601683793,1.0,7.002244209759784e-07
2024-09-27,2024-10-07,2024-10-02 00:00:00,IDEA,Online,1500,39.0,37.0,7.0,7.0,4.0,6.0,100.0,False,519.0,3.632943791760428e-08,38.72983346207417,0.9,1.2663297722876188e-06
2024-09-28,2024-10-08,2024-10-03 00:00:00,Závecz,Személyes,1000,39.0,35.0,9.0,5.0,4.0,8.0,100.0,False,518.0,3.754857331201053e-08,31.622776601683793,0.95,1.1280206382797724e-06
2024-10-09,2024-10-15,2024-10-12 00:00:00,21 Kutató,Hibrid,1000,40.0,42.0,5.0,5.0,4.0,4.0,100.0,False,509.0,5.053663205370519e-08,31.622776601683793,0.95,1.5182031943540209e-06
2024-10-11,2024-10-18,2024-10-14 12:00:00,Publicus,Telefonos,1000,37.0,39.0,10.0,4.0,4.0,6.0,100.0,False,506.5,5.488367700606174e-08,31.622776601683793,1.0,1.73557425704166e-06
2024-10-14,2024-10-17,2024-10-15 12:00:00,Nézőpont,Telefonos,1000,49.0,34.0,3.0,5.0,4.0,5.0,100.0,False,505.5,5.672545152965895e-08,31.622776601683793,1.0,1.7938162813520472e-06
2024-10-24,2024-10-29,2024-10-26 12:00:00,Republikon,Telefonos,1000,37.0,36.0,11.0,8.0,3.0,5.0,100.0,False,494.5,8.155683059784468e-08,31.622776601683793,1.0,2.5790534343370114e-06
2024-10-28,2024-11-04,2024-10-31 12:00:00,Medián,Telefonos,1000,39.0,46.0,4.0,6.0,3.0,2.0,100.0,False,489.5,9.619093554998459e-08,31.622776601683793,1.0,3.041824466004126e-06
2024-10-31,2024-11-08,2024-11-04 00:00:00,IDEA,Online,1500,38.0,41.0,6.0,7.0,3.0,5.0,100.0,False,486.0,1.0797067454623067e-07,38.72983346207417,0.9,3.7635176195669917e-06
2024-11-11,2024-11-13,2024-11-12 00:00:00,Nézőpont,Telefonos,1000,46.0,34.0,5.0,8.0,4.0,3.0,100.0,False,478.0,1.4059954272477193e-07,31.622776601683793,1.0,4.4461479298843585e-06
2024-11-14,2024-11-19,2024-11-16 12:00:00,Publicus,Telefonos,1000,38.0,39.0,12.0,5.0,3.0,3.0,100.0,False,473.5,1.6311366119568936e-07,31.622776601683793,1.0,5.158106868674023e-06
2024-11-20,2024-11-26,2024-11-23 00:00:00,Medián,Telefonos,1200,36.0,47.0,4.0,6.0,4.0,3.0,100.0,False,467.0,2.0214652821482076e-07,34.64101615137755,1.0,7.002561148834503e-06
2024-11-20,2024-11-30,2024-11-25 00:00:00,Závecz,Személyes,1000,35.0,39.0,9.0,7.0,4.0,6.0,100.0,False,465.0,2.1594134909246133e-07,31.622776601683793,0.95,6.4872317893462615e-06
2024-11-28,2024-12-05,2024-12-01 12:00:00,Republikon,Telefonos,1000,31.0,37.0,11.0,8.0,5.0,8.0,100.0,False,458.5,2.6761580665335033e-07,31.622776601683793,1.0,8.4627548688783e-06
2024-11-29,2024-12-06,2024-12-02 12:00:00,IDEA,Online,1500,37.0,43.0,5.0,6.0,3.0,6.0,100.0,False,457.5,2.765963998222741e-07,38.72983346207417,0.9,9.641279251193361e-06
2024-12-09,2024-12-11,2024-12-10 00:00:00,Nézőpont,Telefonos,1000,47.0,37.0,5.0,4.0,3.0,4.0,100.0,False,450.0,3.5428864696906804e-07,31.622776601683793,1.0,1.1203590735615655e-05
2024-12-11,2024-12-17,2024-12-14 00:00:00,Publicus,Telefonos,1000,36.0,42.0,11.0,5.0,3.0,3.0,100.0,False,446.0,4.042930564296415e-07,31.622776601683793,1.0,1.2784869005086493e-05
2024-12-31,2025-01-10,2025-01-05 00:00:00,IDEA,Online,1500,36.0,45.0,5.0,7.0,3.0,4.0,100.0,False,424.0,8.357204701771108e-07,38.72983346207417,0.9,2.913058316772524e-05
2025-01-14,2025-01-22,2025-01-18 00:00:00,Republikon,Telefonos,1000,32.0,39.0,11.0,7.0,5.0,6.0,100.0,False,411.0,1.283550446159701e-06,31.622776601683793,1.0,4.0589429015899785e-05
2025-01-20,2025-01-29,2025-01-24 12:00:00,Publicus,Telefonos,3060,37.0,42.0,11.0,5.0,3.0,2.0,100.0,False,404.5,1.5907022414786232e-06,55.31726674375732,1.0,8.799330020176568e-05
2025-02-22,2025-02-26,2025-02-24 00:00:00,Republikon,Telefonos,1000,36.0,37.0,9.0,8.0,6.0,4.0,100.0,False,374.0,4.3531048202286235e-06,31.622776601683793,1.0,0.00013765726125380265
2025-02-27,2025-03-08,2025-03-03 12:00:00,Medián,Telefonos,1000,37.0,46.0,3.0,6.0,4.0,4.0,100.0,False,366.5,5.575834023379543e-06,31.622776601683793,1.0,0.00017632335368939902
2025-03-05,2025-03-11,2025-03-08 00:00:00,Publicus,Telefonos,1000,39.0,41.0,11.0,5.0,2.0,2.0,100.0,False,362.0,6.468688902874264e-06,31.622776601683793,1.0,0.00020455790408138388
2025-03-10,2025-03-12,2025-03-11 00:00:00,Nézőpont,Telefonos,1000,45.0,35.0,4.0,9.0,3.0,4.0,100.0,False,359.0,7.142011584881631e-06,31.622776601683793,1.0,0.00022585023683534942
2025-03-16,2025-03-25,2025-03-20 12:00:00,Závecz,Személyes,1000,35.0,40.0,10.0,6.0,2.0,7.0,100.0,False,349.5,9.77238990603846e-06,31.622776601683793,0.95,0.00029357859772004367
2025-03-26,2025-04-01,2025-03-29 00:00:00,Republikon,Telefonos,1000,33.0,40.0,9.0,6.0,5.0,7.0,100.0,False,341.0,1.2937377805748529e-05,31.622776601683793,1.0,0.00040911580816276776
2025-04-01,2025-04-07,2025-04-04 00:00:00,21 Kutató,Hibrid,1000,37.0,51.0,3.0,4.0,3.0,2.0,100.0,False,335.0,1.5770840194809383e-05,31.622776601683793,0.95,0.00047378186848624684
2025-04-03,2025-04-09,2025-04-06 00:00:00,Publicus,Telefonos,1000,37.0,41.0,11.0,5.0,3.0,3.0,100.0,False,333.0,1.6847068995266907e-05,31.622776601683793,1.0,0.0005327510992304788
2025-05-12,2025-05-16,2025-05-14 00:00:00,Publicus,Telefonos,1000,36.0,43.0,10.0,5.0,3.0,3.0,100.0,False,295.0,5.9053453279046125e-05,31.622776601683793,1.0,0.0018674341606012468
2025-05-15,2025-05-23,2025-05-19 00:00:00,IDEA,Online,1500,37.0,44.0,6.0,5.0,4.0,4.0,100.0,False,290.0,6.964967712365798e-05,38.72983346207417,0.9,0.0024277683561178594
2025-05-28,2025-06-03,2025-05-31 00:00:00,Republikon,Telefonos,1000,34.0,43.0,7.0,7.0,6.0,3.0,100.0,False,278.0,0.00010349902244598823,31.622776601683793,1.0,0.003272926465302142
2025-06-03,2025-06-07,2025-06-05 00:00:00,Medián,Telefonos,1000,36.0,51.0,3.0,5.0,3.0,2.0,100.0,False,273.0,0.0001220703125,31.622776601683793,1.0,0.0038602022218852286
2025-06-16,2025-06-17,2025-06-16 12:00:00,Nézőpont,Telefonos,1000,44.0,39.0,3.0,7.0,4.0,3.0,100.0,False,261.5,0.00017842668874814538,31.622776601683793,1.0,0.0056423473180607685
2025-06-16,2025-06-25,2025-06-20 12:00:00,Závecz,Telefonos,1500,35.0,46.0,6.0,7.0,4.0,2.0,100.0,False,257.5,0.00020360988690926377,38.72983346207417,1.0,0.007885777011227542
2025-06-23,2025-06-25,2025-06-24 00:00:00,Publicus,Telefonos,1001,37.0,44.0,10.0,5.0,1.0,3.0,100.0,False,254.0,0.0002285443707162122,31.63858403911275,1.0,0.007230820279571018
2025-06-24,2025-06-27,2025-06-25 12:00:00,21 Kutató,Hibrid,1000,34.0,52.0,5.0,6.0,2.0,1.0,100.0,False,252.5,0.00024014451475688235,31.622776601683793,0.95,0.0072143345251628145
2025-07-23,2025-07-29,2025-07-26 00:00:00,Republikon,Telefonos,1000,34.0,43.0,7.0,6.0,5.0,5.0,100.0,False,222.0,0.0006571778284337678,31.622776601683793,1.0,0.020781787656140718
2025-08-01,2025-08-06,2025-08-03 12:00:00,Publicus,Telefonos,1000,36.0,46.0,9.0,6.0,3.0,0.0,100.0,False,213.5,0.0008700182794339255,31.622776601683793,1.0,0.027512393689920332
2025-07-31,2025-08-07,2025-08-03 12:00:00,IDEA,Online,1500,39.0,46.0,5.0,4.0,3.0,3.0,100.0,False,213.5,0.0008700182794339255,38.72983346207417,0.9,0.030326096764292616
2025-08-18,2025-08-19,2025-08-18 12:00:00,Nézőpont,Telefonos,1000,46.0,38.0,4.0,6.0,5.0,1.0,100.0,False,198.5,0.001427413509985163,31.622776601683793,1.0,0.04513877854448615
2025-08-21,2025-08-27,2025-08-24 00:00:00,Republikon,Telefonos,1000,35.0,41.0,8.0,8.0,5.0,3.0,100.0,False,193.0,0.001711555522922723,31.622776601683793,1.0,0.05412413794276335
2025-08-27,2025-08-31,2025-08-29 00:00:00,21 Kutató,Hibrid,1000,36.0,52.0,2.0,7.0,3.0,0.0,100.0,False,188.0,0.002018667544935601,31.622776601683793,0.95,0.060644079166239595
2025-08-28,2025-09-04,2025-08-31 12:00:00,Medián,Telefonos,1000,38.0,51.0,2.0,4.0,3.0,2.0,100.0,False,185.5,0.0021923086881042433,31.622776601683793,1.0,0.06932688788585095
2025-08-29,2025-09-03,2025-08-31 12:00:00,Závecz,Telefonos,1000,36.0,46.0,5.0,6.0,4.0,3.0,100.0,False,185.5,0.0021923086881042433,31.622776601683793,1.0,0.06932688788585095
2025-08-31,2025-09-06,2025-09-03 00:00:00,IDEA,Online,1500,39.0,48.0,5.0,4.0,2.0,2.0,100.0,False,183.0,0.0023808860433681173,38.72983346207417,0.9,0.0829901879566415
2025-09-08,2025-09-12,2025-09-10 00:00:00,Publicus,Telefonos,1000,37.0,46.0,7.0,6.0,4.0,0.0,100.0,False,176.0,0.0029997284434404065,31.622776601683793,1.0,0.09485974243263263
2025-09-25,2025-10-01,2025-09-28 00:00:00,Republikon,Telefonos,1000,35.0,43.0,5.0,8.0,5.0,4.0,100.0,False,158.0,0.005433850075179022,31.622776601683793,1.0,0.1718334270144289
2025-09-30,2025-10-07,2025-10-03 12:00:00,IDEA,Online,1500,38.0,49.0,5.0,4.0,2.0,2.0,100.0,False,152.5,0.006515516381096444,38.72983346207417,0.9,0.2271103779233533
2025-10-03,2025-10-10,2025-10-06 12:00:00,21 Kutató,Telefonos,1000,35.0,53.0,3.0,6.0,2.0,1.0,100.0,False,149.5,0.007193713312538533,31.622776601683793,1.0,0.22748518901896475
2025-10-06,2025-10-13,2025-10-09 12:00:00,Publicus,Telefonos,1000,38.0,45.0,7.0,5.0,4.0,1.0,100.0,False,146.5,0.007942503432749496,31.622776601683793,1.0,0.25116401171194397
2025-10-16,2025-10-22,2025-10-19 00:00:00,Republikon,Hibrid,1000,34.0,44.0,5.0,7.0,6.0,4.0,100.0,False,137.0,0.010867700150358045,31.622776601683793,0.95,0.32648351132741493
2025-10-24,2025-10-31,2025-10-27 12:00:00,Závecz,Telefonos,1000,37.0,48.0,5.0,5.0,4.0,1.0,100.0,False,128.5,0.014387426625077067,31.622776601683793,1.0,0.4549703780379295
2025-10-31,2025-11-07,2025-11-03 12:00:00,IDEA,Telefonos,1500,40.0,47.0,5.0,4.0,3.0,1.0,100.0,False,121.5,0.018127021658752546,38.72983346207417,1.0,0.7020565300068975
2025-11-10,2025-11-18,2025-11-14 00:00:00,Publicus,Online,1002,39.0,48.0,6.0,4.0,3.0,0.0,100.0,False,111.0,0.025635479875238686,31.654383582688826,0.9,0.7303277819673948
2025-11-20,2025-11-25,2025-11-22 12:00:00,Medián,Telefonos,1000,40.0,50.0,2.0,5.0,2.0,1.0,100.0,False,102.5,0.033938053185198054,31.622776601683793,1.0,1.0732154741715811
2025-11-21,2025-11-28,2025-11-24 12:00:00,21 Kutató,Telefonos,1500,37.0,50.0,4.0,6.0,3.0,0.0,100.0,False,100.5,0.03625404331750509,38.72983346207417,1.0,1.404113060013795
2025-11-24,2025-11-26,2025-11-25 00:00:00,Nézőpont,Telefonos,1000,47.0,40.0,3.0,7.0,3.0,0.0,100.0,False,100.0,0.03685732652804264,31.622776601683793,1.0,1.1655310029316062
2025-11-24,2025-11-28,2025-11-26 00:00:00,Republikon,Telefonos,1000,33.0,45.0,4.0,8.0,6.0,4.0,100.0,False,99.0,0.038094176693889856,31.622776601683793,1.0,1.204643639415948
2025-11-23,2025-11-30,2025-11-26 12:00:00,Závecz,Hibrid,1000,38.0,47.0,4.0,5.0,4.0,2.0,100.0,False,98.5,0.03872808053235021,31.622776601683793,0.95,1.1634549669422034
2025-11-27,2025-12-04,2025-11-30 12:00:00,IDEA,Hibrid,1500,39.0,47.0,5.0,4.0,3.0,2.0,100.0,False,94.5,0.04419417382415922,38.72983346207417,0.95,1.626051342593462
2025-12-10,2025-12-15,2025-12-12 12:00:00,Republikon,Telefonos,1000,36.0,48.0,4.0,6.0,5.0,1.0,100.0,False,82.5,0.06567228991582623,31.622776601683793,1.0,2.076740152929184
2025-12-12,2025-12-16,2025-12-14 00:00:00,21 Kutató,Hibrid,1000,36.0,53.0,3.0,5.0,2.0,1.0,100.0,False,81.0,0.06900559460461327,31.622776601683793,0.95,2.0730410773256396
2025-12-15,2025-12-16,2025-12-15 12:00:00,Nézőpont,Telefonos,1000,46.0,39.0,3.0,6.0,5.0,1.0,100.0,False,79.5,0.07250808663501018,31.622776601683793,1.0,2.2929070254744612
2025-12-16,2025-12-20,2025-12-18 00:00:00,Publicus,Telefonos,1001,40.0,48.0,5.0,5.0,3.0,,101.0,False,77.0,0.07874506561842957,31.63858403911275,1.0,2.491382376234132
2025-12-31,2026-01-06,2026-01-03 00:00:00,IDEA,Online,1500,38.0,48.0,5.0,4.0,3.0,2.0,100.0,False,61.0,0.1335302113518003,38.72983346207417,0.9,4.654442563029712
2026-01-05,2026-01-07,2026-01-06 00:00:00,Nézőpont,Telefonos,1000,47.0,40.0,3.0,6.0,4.0,0.0,100.0,False,58.0,0.14742930611217056,31.622776601683793,1.0,4.662124011726425
2026-01-07,2026-01-13,2026-01-10 00:00:00,Medián,Telefonos,1000,39.0,51.0,1.0,5.0,3.0,1.0,100.0,False,54.0,0.1682375240790445,31.622776601683793,1.0,5.320137639972022
2026-01-15,2026-01-20,2026-01-17 12:00:00,Republikon,Telefonos,1000,38.0,47.0,4.0,6.0,5.0,0.0,100.0,False,46.5,0.2154932053117444,31.622776601683793,1.0,6.814493490754073
2026-01-19,2026-01-24,2026-01-21 12:00:00,Závecz,Hibrid,1000,39.0,49.0,4.0,5.0,3.0,0.0,100.0,False,42.5,0.24590798311104753,31.622776601683793,0.95,7.387478553766722
2026-01-21,2026-01-24,2026-01-22 12:00:00,Publicus,Telefonos,1001,40.0,48.0,4.0,5.0,3.0,0.0,100.0,False,41.5,0.2541601098479839,31.63858403911275,1.0,8.041265994815566
2026-01-28,2026-02-02,2026-01-30 12:00:00,21 Kutató,Hibrid,1000,37.0,53.0,3.0,5.0,2.0,0.0,100.0,False,33.5,0.330967601838993,31.622776601683793,0.95,9.94280880858203
2026-01-31,2026-02-06,2026-02-03 00:00:00,IDEA,Online,1500,38.0,48.0,5.0,5.0,3.0,1.0,100.0,False,30.0,0.3714985722842371,38.72983346207417,0.9,12.949270052370144
2026-02-09,2026-02-11,2026-02-10 00:00:00,Nézőpont,Telefonos,1000,46.0,40.0,4.0,7.0,3.0,0.0,100.0,False,23.0,0.4680588712268024,31.622776601683793,1.0,14.801321121241454
2026-02-09,2026-02-12,2026-02-10 12:00:00,Publicus,Telefonos,1000,39.0,48.0,5.0,5.0,4.0,,101.0,False,22.5,0.4758475765053098,31.622776601683793,1.0,15.047621608280048
2026-02-12,2026-02-17,2026-02-14 12:00:00,Republikon,Telefonos,1000,39.0,47.0,3.0,6.0,5.0,0.0,100.0,False,18.5,0.543008850963169,31.622776601683793,1.0,17.171447586745302
2026-02-18,2026-02-23,2026-02-20 12:00:00,Medián,Telefonos,1000,35.0,55.0,2.0,6.0,2.0,0.0,100.0,False,12.5,0.6619352036779861,31.622776601683793,1.0,20.932229070699012
2026-02-23,2026-02-25,2026-02-24 00:00:00,Nézőpont,Telefonos,1000,45.0,40.0,3.0,8.0,4.0,0.0,100.0,False,9.0,0.7429971445684742,31.622776601683793,1.0,23.495632718377816
2026-02-22,2026-02-28,2026-02-25 00:00:00,Závecz,Hibrid,1000,38.0,50.0,3.0,7.0,2.0,0.0,100.0,False,8.0,0.7679304815207443,31.622776601683793,0.95,23.069889359616262
,2026-03-03,2026-03-03 00:00:00,Publicus,Telefonos,1000,39.0,47.0,4.0,6.0,4.0,0.0,100.0,False,2.0,0.9361177424536049,31.622776601683793,1.0,29.60264224248291
